Sample,response,ResponseCategory,Treatment,Treatment target,BestAvgResponse
X-1004,1,PR,BGJ398,FGFR,-28.077777777777783
X-1004,0,PD,BKM120,"PIK3CA,PIK3CB,PIK3CG,PIK3CD,panPI3K",23.700000000000003
X-1004,0,PD,CGM097,MDM2,46.33333333333334
X-1004,0,PD,HDM201,MDM2,16.533333333333346
X-1004,0,PD,INC424,JAK,-2.049999999999997
X-1004,0,PD,BINIMETINIB,"MAP2K1,MAP2K2,MAPK",35.19999999999999
X-1004,0,PD,TAMOXIFEN,ESR1,48.16666666666666
X-1008,0,PD,BGJ398,FGFR,20.320000000000007
X-1008,1,PR,BYL719,PIK3CA,-30.67916666666666
X-1008,0,PD,CGM097,MDM2,42.599999999999994
X-1008,0,PD,HDM201,MDM2,79.02000000000001
X-1008,0,PD,INC424,JAK,6.125
X-1008,0,PD,BINIMETINIB,"MAP2K1,MAP2K2,MAPK",17.47999999999999
X-1008,1,PR,PACLITAXEL,Tubulin,-44.7625
X-1008,0,PD,TAMOXIFEN,ESR1,35.95999999999998
X-1008,0,PD,TRASTUZUMAB,ERBB2,44.17500000000001
X-1027,0,PD,5FU,chemotherapy,184.21999999999997
X-1027,0,PD,BKM120,"PIK3CA,PIK3CB,PIK3CG,PIK3CD,panPI3K",66.01999999999998
X-1027,0,PD,BYL719,PIK3CA,15.025000000000006
X-1027,0,PD,CETUXIMAB,EGFR,83.125
X-1027,0,PD,CGM097,MDM2,169.5
X-1027,0,PD,HDM201,MDM2,156.24
X-1027,0,PD,LEE011,"CDK4,CDK6,CDK4/6",19.549999999999997
X-1027,0,PD,ENCORAFENIB,BRAF,157.98000000000002
X-1027,0,PD,BINIMETINIB,"MAP2K1,MAP2K2,MAPK",35.80000000000001
X-1119,1,PR,5FU,chemotherapy,-28.81153846153846
X-1119,0,PD,BKM120,"PIK3CA,PIK3CB,PIK3CG,PIK3CD,panPI3K",10.599999999999994
X-1119,0,PD,BYL719,PIK3CA,48.05000000000001
X-1119,0,PD,CETUXIMAB,EGFR,60.920000000000016
X-1119,0,PD,CGM097,MDM2,33.16
X-1119,0,PD,HDM201,MDM2,37.56
X-1119,0,PD,LEE011,"CDK4,CDK6,CDK4/6",26.900000000000006
X-1119,0,PD,ENCORAFENIB,BRAF,96.57999999999998
X-1119,0,PD,BINIMETINIB,"MAP2K1,MAP2K2,MAPK",41.68000000000001
X-1156,0,PD,BGJ398,FGFR,81.24000000000001
X-1156,0,PD,BKM120,"PIK3CA,PIK3CB,PIK3CG,PIK3CD,panPI3K",98.45000000000002
X-1156,0,PD,BYL719,PIK3CA,63.079999999999984
X-1156,0,PD,CETUXIMAB,EGFR,125.80000000000001
X-1156,0,PD,CGM097,MDM2,138.11999999999998
X-1156,0,PD,HDM201,MDM2,112.84
X-1156,0,PD,ERLOTINIB,EGFR,130.42000000000002
X-1156,0,PD,HSP990,HSP90,57.099999999999994
X-1156,0,PD,INC280,MET,86.69999999999999
X-1156,0,PD,LEE011,"CDK4,CDK6,CDK4/6",76.75999999999999
X-1156,0,PD,LGH447,PIM,128.58
X-1156,0,PD,BINIMETINIB,"MAP2K1,MAP2K2,MAPK",57.099999999999994
X-1156,0,PD,PACLITAXEL,Tubulin,83.9
X-1167,0,PD,BYL719,PIK3CA,27.674999999999997
X-1167,0,PD,CETUXIMAB,EGFR,96.88
X-1167,0,PD,CGM097,MDM2,10.974999999999994
X-1167,0,PD,HDM201,MDM2,-17.22
X-1167,0,PD,LEE011,"CDK4,CDK6,CDK4/6",30.0
X-1167,0,PD,ENCORAFENIB,BRAF,12.825000000000003
X-1167,0,PD,BINIMETINIB,"MAP2K1,MAP2K2,MAPK",39.099999999999994
X-1172,0,PD,BGJ398,FGFR,48.5
X-1172,0,PD,BYL719,PIK3CA,-16.92
X-1172,0,PD,CETUXIMAB,EGFR,79.375
X-1172,0,PD,CGM097,MDM2,56.04000000000002
X-1172,0,PD,ERLOTINIB,EGFR,46.099999999999994
X-1172,0,PD,INC280,MET,50.859999999999985
X-1172,0,PD,LGH447,PIM,34.81999999999999
X-1172,0,PD,PACLITAXEL,Tubulin,-14.525000000000006
X-1173,0,SD,5FU,chemotherapy,-4.938461538461539
X-1173,0,PD,BYL719,PIK3CA,37.599999999999994
X-1173,0,PD,CETUXIMAB,EGFR,94.275
X-1173,0,PD,CGM097,MDM2,40.025000000000006
X-1173,0,PD,HDM201,MDM2,8.349999999999994
X-1173,0,PD,LEE011,"CDK4,CDK6,CDK4/6",67.275
X-1173,0,PD,ENCORAFENIB,BRAF,82.19999999999999
X-1173,0,PD,BINIMETINIB,"MAP2K1,MAP2K2,MAPK",12.224999999999994
X-1199,0,PD,ABRAXANE,Tubulin,58.900000000000006
X-1199,0,SD,BKM120,"PIK3CA,PIK3CB,PIK3CG,PIK3CD,panPI3K",0.7249999999999943
X-1199,0,PD,BYL719,PIK3CA,16.049999999999997
X-1199,0,SD,GEMCITABINE-50MPK,chemotherapy,20.55000000000001
X-1199,0,SD,LEE011,"CDK4,CDK6,CDK4/6",1.0347826086956644
X-1199,1,PR,BINIMETINIB,"MAP2K1,MAP2K2,MAPK",-60.42666666666666
X-1199,0,SD,BINIMETINIB-3.5MPK,MAPK,-11.078571428571422
X-1199,1,PR,TRAMETINIB,MAPK,-44.503571428571426
X-1270,0,PD,5FU,chemotherapy,64.875
X-1270,0,PD,BKM120,"PIK3CA,PIK3CB,PIK3CG,PIK3CD,panPI3K",118.51999999999998
X-1270,0,PD,CETUXIMAB,EGFR,36.72
X-1270,0,PD,CGM097,MDM2,119.95999999999998
X-1270,0,PD,HDM201,MDM2,136.51999999999998
X-1270,0,PD,LEE011,"CDK4,CDK6,CDK4/6",11.75
X-1270,0,PD,ENCORAFENIB,BRAF,33.06
X-1270,0,PD,BINIMETINIB,"MAP2K1,MAP2K2,MAPK",61.599999999999994
X-1289,0,PD,ABRAXANE,Tubulin,91.45999999999998
X-1289,0,PD,BKM120,"PIK3CA,PIK3CB,PIK3CG,PIK3CD,panPI3K",82.5
X-1289,0,PD,BYL719,PIK3CA,36.34
X-1289,0,SD,HDM201,MDM2,16.691666666666663
X-1289,1,CR,GEMCITABINE-50MPK,chemotherapy,-77.078125
X-1289,0,PD,INC424,JAK,53.62
X-1289,0,PD,LEE011,"CDK4,CDK6,CDK4/6",94.66
X-1289,0,PD,WNT974,PORCN,42.400000000000006
X-1289,0,SD,BINIMETINIB-3.5MPK,MAPK,16.13333333333334
X-1289,1,CR,TRAMETINIB,MAPK,-44.19130434782609
X-1290,0,PD,BKM120,"PIK3CA,PIK3CB,PIK3CG,PIK3CD,panPI3K",108.875
X-1290,0,PD,BYL719,PIK3CA,31.700000000000017
X-1290,0,SD,CETUXIMAB,EGFR,-19.14
X-1290,0,PD,CGM097,MDM2,251.175
X-1290,0,PD,HDM201,MDM2,78.85
X-1290,0,PD,LEE011,"CDK4,CDK6,CDK4/6",29.974999999999994
X-1290,0,PD,ENCORAFENIB,BRAF,88.42500000000001
X-1290,0,PD,BINIMETINIB,"MAP2K1,MAP2K2,MAPK",80.875
X-1298,0,PD,BGJ398,FGFR,13.825000000000003
X-1298,1,PR,BKM120,"PIK3CA,PIK3CB,PIK3CG,PIK3CD,panPI3K",-46.19666666666667
X-1298,0,PD,BYL719,PIK3CA,72.47500000000002
X-1298,0,PD,CGM097,MDM2,64.94999999999999
X-1298,0,PD,HDM201,MDM2,76.125
X-1298,0,PD,LEE011,"CDK4,CDK6,CDK4/6",14.950000000000003
X-1298,0,PD,BINIMETINIB,"MAP2K1,MAP2K2,MAPK",68.475
X-1298,0,PD,PACLITAXEL,Tubulin,17.275000000000006
X-1298,0,PD,TRASTUZUMAB,ERBB2,32.81999999999999
X-1303,0,PD,BKM120,"PIK3CA,PIK3CB,PIK3CG,PIK3CD,panPI3K",34.5
X-1303,1,PR,CETUXIMAB,EGFR,-50.872
X-1303,0,PD,CGM097,MDM2,40.18000000000001
X-1303,0,PD,HDM201,MDM2,67.57999999999998
X-1303,0,PD,ENCORAFENIB,BRAF,59.19999999999999
X-1317,0,PD,GEMCITABINE-50MPK,chemotherapy,9.0
X-1317,0,PD,LEE011,"CDK4,CDK6,CDK4/6",44.22
X-1317,0,SD,BINIMETINIB,"MAP2K1,MAP2K2,MAPK",-22.24117647058823
X-1317,1,PR,BINIMETINIB-3.5MPK,MAPK,-40.52
X-1323,0,PD,BGJ398,FGFR,-13.400000000000006
X-1323,0,PD,CETUXIMAB,EGFR,11.28
X-1323,0,PD,CGM097,MDM2,20.900000000000006
X-1323,0,PD,HDM201,MDM2,60.38
X-1323,0,PD,ERLOTINIB,EGFR,-4.299999999999997
X-1323,0,SD,HSP990,HSP90,-8.200000000000003
X-1323,0,PD,INC280,MET,61.95999999999998
X-1323,0,PD,LEE011,"CDK4,CDK6,CDK4/6",8.549999999999997
X-1323,0,PD,LGH447,PIM,53.30000000000001
X-1323,0,PD,PACLITAXEL,Tubulin,75.68
X-1329,0,PD,5FU,chemotherapy,15.599999999999994
X-1329,0,PD,BKM120,"PIK3CA,PIK3CB,PIK3CG,PIK3CD,panPI3K",44.42500000000001
X-1329,0,PD,BYL719,PIK3CA,45.94999999999999
X-1329,0,PD,CETUXIMAB,EGFR,88.975
X-1329,0,PD,CGM097,MDM2,67.1
X-1329,0,PD,HDM201,MDM2,74.44999999999999
X-1329,0,PD,LEE011,"CDK4,CDK6,CDK4/6",42.5
X-1329,0,PD,BINIMETINIB,"MAP2K1,MAP2K2,MAPK",23.174999999999997
X-1362,0,PD,ABRAXANE,Tubulin,28.849999999999994
X-1362,0,PD,BKM120,"PIK3CA,PIK3CB,PIK3CG,PIK3CD,panPI3K",27.275000000000006
X-1362,0,PD,BYL719,PIK3CA,15.859999999999985
X-1362,0,PD,HDM201,MDM2,26.724999999999994
X-1362,0,PD,GEMCITABINE-50MPK,chemotherapy,38.52000000000001
X-1362,0,PD,INC424,JAK,12.299999999999997
X-1362,0,PD,WNT974,PORCN,32.18000000000001
X-1362,0,SD,BINIMETINIB,"MAP2K1,MAP2K2,MAPK",13.149999999999991
X-1362,1,PR,TRAMETINIB,MAPK,-42.82857142857143
X-1371,0,PD,BGJ398,FGFR,49.5
X-1371,0,PD,BKM120,"PIK3CA,PIK3CB,PIK3CG,PIK3CD,panPI3K",8.900000000000006
X-1371,0,PD,BYL719,PIK3CA,76.1
X-1371,0,PD,CGM097,MDM2,3.140000000000015
X-1371,0,PD,HDM201,MDM2,59.74000000000001
X-1371,0,PD,INC424,JAK,72.22
X-1371,0,PD,LEE011,"CDK4,CDK6,CDK4/6",79.5
X-1371,0,PD,PACLITAXEL,Tubulin,11.440000000000012
X-1371,0,PD,TAMOXIFEN,ESR1,40.640000000000015
X-1371,0,PD,TRASTUZUMAB,ERBB2,58.099999999999994
X-1383,0,PD,BGJ398,FGFR,10.25
X-1383,0,PD,CGM097,MDM2,18.94999999999999
X-1383,0,SD,HDM201,MDM2,-23.096000000000004
X-1383,0,PD,INC424,JAK,35.67500000000001
X-1383,0,PD,LEE011,"CDK4,CDK6,CDK4/6",20.875
X-1383,0,PD,BINIMETINIB,"MAP2K1,MAP2K2,MAPK",31.67500000000001
X-1383,0,SD,PACLITAXEL,Tubulin,18.140000000000015
X-1383,0,PD,TAMOXIFEN,ESR1,43.94
X-1383,0,PD,TRASTUZUMAB,ERBB2,45.05000000000001
X-1407,0,PD,BGJ398,FGFR,30.879999999999995
X-1407,0,PD,BYL719,PIK3CA,32.775000000000006
X-1407,0,PD,CGM097,MDM2,105.66
X-1407,0,PD,HDM201,MDM2,67.82499999999999
X-1407,0,PD,INC424,JAK,14.724999999999994
X-1407,0,PD,LEE011,"CDK4,CDK6,CDK4/6",21.099999999999994
X-1407,0,SD,BINIMETINIB,"MAP2K1,MAP2K2,MAPK",-16.314285714285717
X-1407,0,PD,PACLITAXEL,Tubulin,68.275
X-1407,0,PD,TAMOXIFEN,ESR1,54.099999999999994
X-1407,0,PD,TRASTUZUMAB,ERBB2,66.15
X-1441,1,PR,BKM120,"PIK3CA,PIK3CB,PIK3CG,PIK3CD,panPI3K",-39.8111111111111
X-1441,0,PD,CGM097,MDM2,23.879999999999995
X-1441,0,PD,ENCORAFENIB,BRAF,42.359999999999985
X-1442,0,PD,BGJ398,FGFR,102.05000000000001
X-1442,0,PD,BKM120,"PIK3CA,PIK3CB,PIK3CG,PIK3CD,panPI3K",24.150000000000006
X-1442,0,PD,BYL719,PIK3CA,36.275000000000006
X-1442,0,PD,CETUXIMAB,EGFR,145.1
X-1442,0,PD,CGM097,MDM2,138.14999999999998
X-1442,0,PD,HDM201,MDM2,86.17500000000001
X-1442,0,SD,ERLOTINIB,EGFR,0.04999999999999716
X-1442,0,PD,HSP990,HSP90,125.19999999999999
X-1442,0,PD,INC280,MET,35.22
X-1442,0,PD,LEE011,"CDK4,CDK6,CDK4/6",154.825
X-1442,0,PD,LGH447,PIM,44.775000000000006
X-1442,0,PD,PACLITAXEL,Tubulin,136.075
X-1443,0,PD,BKM120,"PIK3CA,PIK3CB,PIK3CG,PIK3CD,panPI3K",139.83333333333334
X-1443,0,PD,BYL719,PIK3CA,93.46666666666667
X-1443,1,CR,CETUXIMAB,EGFR,-81.39444444444445
X-1443,0,PD,CGM097,MDM2,28.26666666666668
X-1443,0,PD,HDM201,MDM2,77.53333333333333
X-1443,0,PD,ENCORAFENIB,BRAF,50.599999999999994
X-1443,0,SD,BINIMETINIB,"MAP2K1,MAP2K2,MAPK",-31.566666666666663
X-1468,0,PD,BGJ398,FGFR,25.560000000000016
X-1468,0,PD,CGM097,MDM2,15.859999999999985
X-1468,0,PD,INC424,JAK,54.02000000000001
X-1468,0,PD,PACLITAXEL,Tubulin,17.879999999999995
X-1468,0,PD,TAMOXIFEN,ESR1,74.19999999999999
X-1468,0,PD,TRASTUZUMAB,ERBB2,14.920000000000002
X-1479,0,SD,CETUXIMAB,EGFR,18.150000000000006
X-1479,0,PD,CGM097,MDM2,27.099999999999994
X-1479,0,PD,HDM201,MDM2,24.25999999999999
X-1479,0,PD,ENCORAFENIB,BRAF,7.420000000000002
X-1499,0,PD,BGJ398,FGFR,56.275000000000006
X-1499,0,PD,BKM120,"PIK3CA,PIK3CB,PIK3CG,PIK3CD,panPI3K",52.69999999999999
X-1499,0,PD,BYL719,PIK3CA,153.775
X-1499,0,PD,CETUXIMAB,EGFR,209.71999999999997
X-1499,1,CR,CGM097,MDM2,-82.49642857142857
X-1499,0,PD,HDM201,MDM2,180.3
X-1499,0,PD,ERLOTINIB,EGFR,98.84
X-1499,0,PD,HSP990,HSP90,72.30000000000001
X-1499,0,PD,INC280,MET,108.5
X-1499,0,PD,LGH447,PIM,122.65
X-1499,0,PD,BINIMETINIB,"MAP2K1,MAP2K2,MAPK",102.64000000000001
X-1499,0,PD,PACLITAXEL,Tubulin,120.5
X-1500,1,PR,BKM120,"PIK3CA,PIK3CB,PIK3CG,PIK3CD,panPI3K",-54.95
X-1500,1,PR,CETUXIMAB,EGFR,-54.21666666666667
X-1500,0,PD,CGM097,MDM2,98.23999999999998
X-1500,0,PD,HDM201,MDM2,173.45999999999998
X-1500,0,PD,ENCORAFENIB,BRAF,119.30000000000001
X-1536,0,PD,BKM120,"PIK3CA,PIK3CB,PIK3CG,PIK3CD,panPI3K",16.179999999999993
X-1536,0,PD,BYL719,PIK3CA,19.599999999999994
X-1536,0,PD,CETUXIMAB,EGFR,24.375
X-1536,1,PR,LEE011,"CDK4,CDK6,CDK4/6",-28.488888888888894
X-1536,0,PD,ENCORAFENIB,BRAF,35.74000000000001
X-1536,0,SD,BINIMETINIB,"MAP2K1,MAP2K2,MAPK",-17.55185185185185
X-1538,0,SD,BYL719,PIK3CA,-1.6749999999999972
X-1538,0,PD,CETUXIMAB,EGFR,20.58
X-1538,0,SD,LEE011,"CDK4,CDK6,CDK4/6",-15.106666666666655
X-1586,0,PD,CETUXIMAB,EGFR,19.28
X-1586,0,SD,HDM201,MDM2,-22.820000000000007
X-1586,0,SD,ERLOTINIB,EGFR,-23.349999999999994
X-1586,0,SD,HSP990,HSP90,-33.746153846153845
X-1586,0,PD,INC280,MET,-24.659999999999997
X-1586,0,PD,LGH447,PIM,-5.950000000000003
X-1586,0,PD,PACLITAXEL,Tubulin,22.174999999999997
X-1600,0,PD,BGJ398,FGFR,135.45
X-1600,0,PD,BYL719,PIK3CA,49.420000000000016
X-1600,0,PD,CGM097,MDM2,76.9
X-1600,0,PD,HDM201,MDM2,117.68
X-1600,0,PD,INC424,JAK,86.17499999999998
X-1600,0,PD,LEE011,"CDK4,CDK6,CDK4/6",16.200000000000003
X-1600,0,PD,BINIMETINIB,"MAP2K1,MAP2K2,MAPK",116.82499999999999
X-1600,0,PD,PACLITAXEL,Tubulin,53.19999999999999
X-1600,0,PD,TAMOXIFEN,ESR1,21.849999999999994
X-1600,0,PD,TRASTUZUMAB,ERBB2,425.74
X-1631,0,PD,BGJ398,FGFR,172.55
X-1631,0,PD,BYL719,PIK3CA,22.78
X-1631,0,PD,CGM097,MDM2,53.30000000000001
X-1631,0,PD,HDM201,MDM2,24.224999999999994
X-1631,0,PD,LEE011,"CDK4,CDK6,CDK4/6",98.97500000000002
X-1631,0,PD,BINIMETINIB,"MAP2K1,MAP2K2,MAPK",37.30000000000001
X-1631,0,PD,TAMOXIFEN,ESR1,71.28
X-1631,0,PD,TRASTUZUMAB,ERBB2,88.05000000000001
X-1655,0,PD,BKM120,"PIK3CA,PIK3CB,PIK3CG,PIK3CD,panPI3K",46.900000000000006
X-1655,0,PD,CGM097,MDM2,164.60000000000002
X-1655,0,PD,DACARBAZINE,chemotherapy,37.34
X-1655,0,PD,LDE225,SMO,72.65
X-1655,0,PD,LDK378,ALK,68.225
X-1655,0,PD,LEE011,"CDK4,CDK6,CDK4/6",8.125
X-1655,0,PD,WNT974,PORCN,128.675
X-1655,0,PD,ENCORAFENIB,BRAF,69.78
X-1655,0,PD,BINIMETINIB,"MAP2K1,MAP2K2,MAPK",-5.525000000000006
X-1658,0,PD,BGJ398,FGFR,109.4
X-1658,0,SD,BYL719,PIK3CA,22.459999999999994
X-1658,0,PD,CETUXIMAB,EGFR,47.5
X-1658,0,PD,CGM097,MDM2,45.400000000000006
X-1658,1,PR,ERLOTINIB,EGFR,-65.08461538461538
X-1658,0,PD,INC280,MET,38.18000000000001
X-1658,0,PD,LEE011,"CDK4,CDK6,CDK4/6",142.625
X-1658,0,PD,LGH447,PIM,87.85999999999999
X-1658,0,PD,BINIMETINIB,"MAP2K1,MAP2K2,MAPK",59.19999999999999
X-1683,1,CR,BGJ398,FGFR,-92.02352941176471
X-1683,1,PR,BYL719,PIK3CA,-74.76578947368421
X-1683,1,PR,ERLOTINIB,EGFR,-56.24444444444444
X-1683,1,PR,HSP990,HSP90,-35.78
X-1725,0,PD,BGJ398,FGFR,-12.875
X-1725,0,PD,BYL719,PIK3CA,33.68000000000001
X-1725,0,PD,CETUXIMAB,EGFR,20.940000000000012
X-1725,1,PR,HDM201,MDM2,-43.375
X-1725,0,SD,ERLOTINIB,EGFR,-16.1875
X-1725,1,PR,HSP990,HSP90,-29.72
X-1725,0,PD,INC280,MET,44.140000000000015
X-1787,0,PD,BGJ398,FGFR,59.66
X-1787,0,PD,BYL719,PIK3CA,61.133333333333326
X-1787,0,PD,CETUXIMAB,EGFR,200.3
X-1787,0,PD,CGM097,MDM2,128.26
X-1787,0,PD,HDM201,MDM2,148.8
X-1787,0,PD,ERLOTINIB,EGFR,95.0
X-1787,0,PD,HSP990,HSP90,88.04000000000002
X-1787,0,PD,LEE011,"CDK4,CDK6,CDK4/6",11.379999999999995
X-1787,0,PD,LGH447,PIM,82.52000000000001
X-1787,0,PD,PACLITAXEL,Tubulin,51.24000000000001
X-1823,0,PD,BGJ398,FGFR,56.775000000000006
X-1823,0,PD,BKM120,"PIK3CA,PIK3CB,PIK3CG,PIK3CD,panPI3K",120.17499999999998
X-1823,0,PD,BYL719,PIK3CA,51.155555555555566
X-1823,0,PD,CETUXIMAB,EGFR,39.660000000000025
X-1823,0,PD,CGM097,MDM2,125.58000000000001
X-1823,0,PD,HDM201,MDM2,149.45999999999998
X-1823,0,PD,ERLOTINIB,EGFR,36.16666666666666
X-1823,0,PD,HSP990,HSP90,64.975
X-1823,0,PD,INC280,MET,134.54000000000002
X-1823,0,PD,LEE011,"CDK4,CDK6,CDK4/6",47.80000000000001
X-1823,0,PD,LGH447,PIM,95.75
X-1823,0,PD,BINIMETINIB,"MAP2K1,MAP2K2,MAPK",78.71999999999997
X-1823,0,PD,PACLITAXEL,Tubulin,58.80000000000001
X-1828,0,PD,BYL719,PIK3CA,87.41428571428574
X-1828,0,PD,CGM097,MDM2,32.25999999999999
X-1828,0,PD,HDM201,MDM2,19.5
X-1828,0,PD,INC424,JAK,64.12
X-1828,0,PD,LEE011,"CDK4,CDK6,CDK4/6",7.400000000000006
X-1828,0,PD,TAMOXIFEN,ESR1,17.16666666666667
X-1832,0,PD,BGJ398,FGFR,87.85999999999999
X-1832,0,PD,BKM120,"PIK3CA,PIK3CB,PIK3CG,PIK3CD,panPI3K",36.19999999999999
X-1832,0,PD,BYL719,PIK3CA,89.30000000000001
X-1832,0,PD,CGM097,MDM2,84.80000000000001
X-1832,0,PD,HDM201,MDM2,190.12
X-1832,0,PD,INC424,JAK,95.9
X-1832,0,PD,LEE011,"CDK4,CDK6,CDK4/6",33.775000000000006
X-1832,0,PD,BINIMETINIB,"MAP2K1,MAP2K2,MAPK",72.20000000000002
X-1832,0,PD,TAMOXIFEN,ESR1,240.45999999999998
X-1832,0,PD,TRASTUZUMAB,ERBB2,207.425
X-1834,0,PD,BGJ398,FGFR,26.625
X-1834,0,PD,CETUXIMAB,EGFR,47.025000000000006
X-1834,0,PD,CGM097,MDM2,87.94999999999999
X-1834,0,PD,HDM201,MDM2,105.1
X-1834,0,SD,HSP990,HSP90,21.977777777777774
X-1834,0,PD,LEE011,"CDK4,CDK6,CDK4/6",49.50714285714284
X-1834,0,PD,LGH447,PIM,105.9
X-1834,0,PD,PACLITAXEL,Tubulin,18.533333333333346
X-1835,0,PD,BGJ398,FGFR,75.4
X-1835,0,PD,BKM120,"PIK3CA,PIK3CB,PIK3CG,PIK3CD,panPI3K",24.58
X-1835,0,PD,BYL719,PIK3CA,59.73333333333332
X-1835,0,PD,CETUXIMAB,EGFR,20.02499999999999
X-1835,0,PD,CGM097,MDM2,-2.424999999999997
X-1835,0,PD,HDM201,MDM2,22.840000000000003
X-1835,0,SD,HSP990,HSP90,-17.299999999999997
X-1835,0,PD,INC280,MET,59.880000000000024
X-1835,1,CR,LEE011,"CDK4,CDK6,CDK4/6",-58.54545454545455
X-1835,1,CR,BINIMETINIB,"MAP2K1,MAP2K2,MAPK",-86.34117647058824
X-1835,0,PD,PACLITAXEL,Tubulin,37.0
X-1855,0,PD,CGM097,MDM2,2.299999999999997
X-1855,0,PD,HDM201,MDM2,17.349999999999994
X-1855,0,PD,ENCORAFENIB,BRAF,10.166666666666671
X-1855,0,SD,BINIMETINIB,"MAP2K1,MAP2K2,MAPK",-1.7916666666666714
X-1906,0,PD,CGM097,MDM2,76.74000000000001
X-1906,0,PD,DACARBAZINE,chemotherapy,19.5
X-1906,0,PD,LDE225,SMO,101.9
X-1906,0,PD,LDK378,ALK,36.94999999999999
X-1906,0,PD,WNT974,PORCN,174.22500000000002
X-1916,0,PD,BGJ398,FGFR,86.19999999999999
X-1916,0,PD,BKM120,"PIK3CA,PIK3CB,PIK3CG,PIK3CD,panPI3K",27.72
X-1916,0,PD,BYL719,PIK3CA,115.6
X-1916,0,PD,CGM097,MDM2,42.74000000000001
X-1916,0,PD,HDM201,MDM2,142.52000000000004
X-1916,0,PD,INC424,JAK,218.52499999999998
X-1916,0,PD,LEE011,"CDK4,CDK6,CDK4/6",47.400000000000006
X-1916,0,PD,BINIMETINIB,"MAP2K1,MAP2K2,MAPK",48.875
X-1916,0,PD,PACLITAXEL,Tubulin,40.25
X-1916,0,PD,TAMOXIFEN,ESR1,43.724999999999994
X-1916,0,PD,TRASTUZUMAB,ERBB2,48.19999999999999
X-1921,0,PD,BGJ398,FGFR,36.89999999999998
X-1921,0,PD,CGM097,MDM2,46.05000000000001
X-1921,0,PD,HDM201,MDM2,34.775000000000006
X-1921,0,PD,INC424,JAK,61.30000000000001
X-1921,0,PD,PACLITAXEL,Tubulin,31.19999999999999
X-1921,0,PD,TAMOXIFEN,ESR1,10.575000000000003
X-1921,0,PD,TRASTUZUMAB,ERBB2,36.625
X-1934,0,PD,BGJ398,FGFR,-16.400000000000006
X-1934,0,PD,BKM120,"PIK3CA,PIK3CB,PIK3CG,PIK3CD,panPI3K",98.4
X-1934,0,PD,BYL719,PIK3CA,82.025
X-1934,0,PD,CETUXIMAB,EGFR,180.075
X-1934,0,PD,CGM097,MDM2,111.62000000000003
X-1934,0,PD,HDM201,MDM2,195.72500000000002
X-1934,0,PD,ERLOTINIB,EGFR,96.35
X-1934,0,PD,HSP990,HSP90,270.9666666666667
X-1934,0,PD,INC280,MET,98.625
X-1934,0,PD,LEE011,"CDK4,CDK6,CDK4/6",226.14999999999998
X-1934,0,PD,LGH447,PIM,115.51999999999998
X-1934,0,PD,BINIMETINIB,"MAP2K1,MAP2K2,MAPK",162.34000000000003
X-1934,0,PD,PACLITAXEL,Tubulin,89.4
X-1948,0,SD,BYL719,PIK3CA,-3.7249999999999943
X-1948,0,PD,HDM201,MDM2,24.474999999999994
X-1948,0,PD,LEE011,"CDK4,CDK6,CDK4/6",44.099999999999994
X-1948,0,PD,WNT974,PORCN,42.16
X-1948,0,SD,BINIMETINIB,"MAP2K1,MAP2K2,MAPK",-2.375
X-1959,0,PD,LEE011,"CDK4,CDK6,CDK4/6",30.125
X-1959,0,SD,BINIMETINIB,"MAP2K1,MAP2K2,MAPK",-27.318181818181813
X-1980,0,PD,BGJ398,FGFR,138.36000000000004
X-1980,0,PD,BYL719,PIK3CA,29.69999999999999
X-1980,0,SD,CETUXIMAB,EGFR,20.771428571428572
X-1980,0,PD,CGM097,MDM2,64.35
X-1980,0,PD,HDM201,MDM2,-3.5800000000000125
X-1980,0,PD,INC280,MET,93.12
X-1980,0,PD,LEE011,"CDK4,CDK6,CDK4/6",17.474999999999994
X-1980,0,PD,PACLITAXEL,Tubulin,47.12
X-1993,0,PD,BGJ398,FGFR,60.06
X-1993,0,PD,BKM120,"PIK3CA,PIK3CB,PIK3CG,PIK3CD,panPI3K",22.859999999999985
X-1993,0,PD,CETUXIMAB,EGFR,15.575000000000003
X-1993,0,PD,CGM097,MDM2,111.01999999999998
X-1993,0,PD,HDM201,MDM2,74.4
X-1993,0,PD,ERLOTINIB,EGFR,-2.299999999999997
X-1993,0,PD,HSP990,HSP90,38.55000000000001
X-1993,0,PD,INC280,MET,69.44999999999999
X-1993,0,PD,LEE011,"CDK4,CDK6,CDK4/6",50.74000000000001
X-1993,0,PD,LGH447,PIM,88.56
X-1993,0,SD,BINIMETINIB,"MAP2K1,MAP2K2,MAPK",-0.6148148148148067
X-1993,0,PD,PACLITAXEL,Tubulin,96.375
X-2017,0,PD,BGJ398,FGFR,56.71999999999997
X-2017,0,PD,BKM120,"PIK3CA,PIK3CB,PIK3CG,PIK3CD,panPI3K",39.04000000000002
X-2017,0,PD,CETUXIMAB,EGFR,74.32499999999999
X-2017,0,PD,CGM097,MDM2,50.30000000000001
X-2017,0,PD,HDM201,MDM2,100.45999999999998
X-2017,0,PD,ERLOTINIB,EGFR,45.32499999999999
X-2017,0,PD,HSP990,HSP90,29.0
X-2017,0,PD,INC280,MET,43.04000000000002
X-2017,0,PD,LEE011,"CDK4,CDK6,CDK4/6",30.620000000000005
X-2017,0,PD,LGH447,PIM,43.859999999999985
X-2017,1,CR,BINIMETINIB,"MAP2K1,MAP2K2,MAPK",-79.10454545454546
X-2017,0,PD,PACLITAXEL,Tubulin,17.200000000000003
X-2026,0,PD,BKM120,"PIK3CA,PIK3CB,PIK3CG,PIK3CD,panPI3K",25.900000000000006
X-2026,0,PD,HDM201,MDM2,64.35999999999999
X-2026,1,CR,GEMCITABINE-50MPK,chemotherapy,-71.512
X-2026,0,PD,INC424,JAK,17.19999999999999
X-2026,0,PD,WNT974,PORCN,22.580000000000013
X-2042,0,PD,BGJ398,FGFR,29.67500000000001
X-2042,0,PD,CETUXIMAB,EGFR,65.85
X-2042,0,PD,CGM097,MDM2,19.775000000000006
X-2042,0,PD,HDM201,MDM2,68.025
X-2042,0,SD,ERLOTINIB,EGFR,-23.60000000000001
X-2042,1,PR,HSP990,HSP90,-42.422222222222224
X-2042,0,PD,LEE011,"CDK4,CDK6,CDK4/6",66.125
X-2042,0,SD,BINIMETINIB,"MAP2K1,MAP2K2,MAPK",24.35000000000001
X-2042,0,PD,PACLITAXEL,Tubulin,34.17500000000001
X-2043,0,PD,ABRAXANE,Tubulin,105.27499999999998
X-2043,0,PD,BKM120,"PIK3CA,PIK3CB,PIK3CG,PIK3CD,panPI3K",59.0
X-2043,0,PD,BYL719,PIK3CA,31.04000000000002
X-2043,0,PD,HDM201,MDM2,30.900000000000006
X-2043,0,SD,GEMCITABINE-50MPK,chemotherapy,25.75999999999999
X-2043,0,PD,INC424,JAK,34.875
X-2043,0,PD,LEE011,"CDK4,CDK6,CDK4/6",57.5
X-2043,0,SD,BINIMETINIB,"MAP2K1,MAP2K2,MAPK",-15.771428571428572
X-2043,0,PD,BINIMETINIB-3.5MPK,MAPK,32.51999999999998
X-2081,0,PD,BKM120,"PIK3CA,PIK3CB,PIK3CG,PIK3CD,panPI3K",27.08
X-2081,0,PD,HDM201,MDM2,84.75
X-2081,0,PD,GEMCITABINE-50MPK,chemotherapy,40.84
X-2081,0,PD,LEE011,"CDK4,CDK6,CDK4/6",68.72
X-2081,0,PD,WNT974,PORCN,86.30000000000001
X-2081,0,PD,BINIMETINIB-3.5MPK,MAPK,67.32499999999999
X-2081,0,PD,TRAMETINIB,MAPK,92.80000000000001
X-2082,0,PD,BGJ398,FGFR,10.900000000000006
X-2082,0,PD,BKM120,"PIK3CA,PIK3CB,PIK3CG,PIK3CD,panPI3K",26.775000000000006
X-2082,0,PD,CETUXIMAB,EGFR,28.17500000000001
X-2082,0,PD,CGM097,MDM2,9.325000000000003
X-2082,0,PD,HDM201,MDM2,67.6
X-2082,0,PD,INC280,MET,47.94999999999999
X-2082,1,CR,LEE011,"CDK4,CDK6,CDK4/6",-63.88846153846154
X-2082,0,PD,LGH447,PIM,10.150000000000006
X-2082,0,PD,PACLITAXEL,Tubulin,71.55000000000001
X-2088,0,PD,BGJ398,FGFR,109.06666666666669
X-2088,0,PD,BKM120,"PIK3CA,PIK3CB,PIK3CG,PIK3CD,panPI3K",88.475
X-2088,0,PD,BYL719,PIK3CA,146.625
X-2088,0,PD,CETUXIMAB,EGFR,473.5333333333333
X-2088,0,PD,CGM097,MDM2,148.725
X-2088,0,PD,HDM201,MDM2,69.6
X-2088,0,PD,ERLOTINIB,EGFR,93.56666666666669
X-2088,0,PD,INC280,MET,109.63333333333335
X-2088,0,PD,LEE011,"CDK4,CDK6,CDK4/6",102.20000000000002
X-2088,1,CR,LGH447,PIM,-55.722580645161294
X-2088,0,PD,BINIMETINIB,"MAP2K1,MAP2K2,MAPK",160.93333333333334
X-2094,0,PD,BGJ398,FGFR,105.4
X-2094,0,PD,BKM120,"PIK3CA,PIK3CB,PIK3CG,PIK3CD,panPI3K",62.18000000000001
X-2094,0,PD,BYL719,PIK3CA,60.16
X-2094,0,PD,CETUXIMAB,EGFR,88.12
X-2094,0,PD,CGM097,MDM2,128.6
X-2094,0,PD,HDM201,MDM2,135.0
X-2094,0,PD,ERLOTINIB,EGFR,102.88000000000002
X-2094,0,PD,HSP990,HSP90,109.26
X-2094,0,PD,INC280,MET,187.08000000000004
X-2094,0,PD,LEE011,"CDK4,CDK6,CDK4/6",64.85999999999999
X-2094,0,PD,LGH447,PIM,91.4
X-2094,1,CR,BINIMETINIB,"MAP2K1,MAP2K2,MAPK",-71.14666666666666
X-2145,0,PD,5FU,chemotherapy,41.525000000000006
X-2145,0,PD,BYL719,PIK3CA,44.0
X-2145,0,PD,CETUXIMAB,EGFR,79.375
X-2145,0,PD,LEE011,"CDK4,CDK6,CDK4/6",51.03333333333333
X-2163,0,PD,CGM097,MDM2,61.78
X-2163,0,SD,DACARBAZINE,chemotherapy,-11.64
X-2163,0,SD,LEE011,"CDK4,CDK6,CDK4/6",3.0999999999999943
X-2163,0,PD,WNT974,PORCN,32.849999999999994
X-2163,0,PD,ENCORAFENIB,BRAF,22.08
X-2182,0,PD,5FU,chemotherapy,60.30000000000001
X-2182,0,PD,BKM120,"PIK3CA,PIK3CB,PIK3CG,PIK3CD,panPI3K",161.60000000000002
X-2182,0,PD,BYL719,PIK3CA,239.21999999999997
X-2182,0,PD,CETUXIMAB,EGFR,81.68
X-2182,0,PD,CGM097,MDM2,257.18
X-2182,0,PD,HDM201,MDM2,162.26000000000005
X-2182,0,PD,LEE011,"CDK4,CDK6,CDK4/6",181.54000000000002
X-2182,0,PD,ENCORAFENIB,BRAF,304.025
X-2182,0,PD,BINIMETINIB,"MAP2K1,MAP2K2,MAPK",172.44
X-2195,0,PD,BGJ398,FGFR,20.849999999999994
X-2195,0,PD,BKM120,"PIK3CA,PIK3CB,PIK3CG,PIK3CD,panPI3K",37.55000000000001
X-2195,0,PD,BYL719,PIK3CA,49.724999999999994
X-2195,0,SD,CGM097,MDM2,8.755555555555546
X-2195,0,SD,HDM201,MDM2,7.240000000000009
X-2195,0,SD,LEE011,"CDK4,CDK6,CDK4/6",20.566666666666663
X-2195,0,PD,BINIMETINIB,"MAP2K1,MAP2K2,MAPK",13.0
X-2195,0,PD,PACLITAXEL,Tubulin,58.88
X-2195,0,PD,TRASTUZUMAB,ERBB2,44.20000000000002
X-2220,0,PD,WNT974,PORCN,215.925
X-2220,0,PD,TRAMETINIB,MAPK,73.275
X-2239,0,PD,BYL719,PIK3CA,36.78
X-2239,0,PD,CETUXIMAB,EGFR,27.55000000000001
X-2239,0,PD,ENCORAFENIB,BRAF,26.42
X-2283,0,PD,ABRAXANE,Tubulin,115.71999999999997
X-2283,0,PD,BKM120,"PIK3CA,PIK3CB,PIK3CG,PIK3CD,panPI3K",71.30000000000001
X-2283,0,PD,BYL719,PIK3CA,94.1
X-2283,0,PD,HDM201,MDM2,97.16666666666666
X-2283,0,PD,GEMCITABINE-50MPK,chemotherapy,48.900000000000006
X-2283,0,PD,INC424,JAK,41.30000000000001
X-2283,0,PD,LEE011,"CDK4,CDK6,CDK4/6",42.640000000000015
X-2283,0,PD,WNT974,PORCN,87.80000000000001
X-2283,0,PD,BINIMETINIB-3.5MPK,MAPK,134.82
X-2283,0,PD,TRAMETINIB,MAPK,24.959999999999994
X-2306,0,SD,CGM097,MDM2,-26.814285714285717
X-2306,0,PD,LDE225,SMO,11.25
X-2306,0,PD,LDK378,ALK,23.040000000000006
X-2306,0,PD,WNT974,PORCN,59.12
X-2306,0,PD,ENCORAFENIB,BRAF,26.674999999999997
X-2339,0,PD,ABRAXANE,Tubulin,48.599999999999994
X-2339,0,PD,HDM201,MDM2,9.940000000000012
X-2339,0,PD,GEMCITABINE-50MPK,chemotherapy,21.75
X-2339,0,PD,INC424,JAK,4.575000000000003
X-2339,0,SD,WNT974,PORCN,-17.1875
X-2339,0,SD,BINIMETINIB,"MAP2K1,MAP2K2,MAPK",-11.15357142857144
X-2339,1,PR,BINIMETINIB-3.5MPK,MAPK,-30.00344827586207
X-2344,0,PD,BGJ398,FGFR,53.81999999999999
X-2344,0,SD,BKM120,"PIK3CA,PIK3CB,PIK3CG,PIK3CD,panPI3K",-15.691666666666663
X-2344,0,PD,BYL719,PIK3CA,48.82499999999999
X-2344,0,PD,CGM097,MDM2,132.3
X-2344,0,PD,HDM201,MDM2,87.475
X-2344,0,PD,INC424,JAK,96.10000000000002
X-2344,0,PD,LEE011,"CDK4,CDK6,CDK4/6",52.69999999999999
X-2344,0,PD,BINIMETINIB,"MAP2K1,MAP2K2,MAPK",111.625
X-2344,0,PD,PACLITAXEL,Tubulin,69.5
X-2344,0,PD,TAMOXIFEN,ESR1,62.859999999999985
X-2344,0,PD,TRASTUZUMAB,ERBB2,14.02000000000001
X-2353,0,PD,BGJ398,FGFR,33.95999999999998
X-2353,0,PD,BKM120,"PIK3CA,PIK3CB,PIK3CG,PIK3CD,panPI3K",21.840000000000003
X-2353,0,PD,CGM097,MDM2,23.74000000000001
X-2353,0,PD,HDM201,MDM2,27.840000000000003
X-2353,0,PD,INC424,JAK,18.775000000000006
X-2353,0,PD,TAMOXIFEN,ESR1,47.44
X-2353,0,PD,TRASTUZUMAB,ERBB2,42.69999999999999
X-2374,0,PD,BYL719,PIK3CA,25.200000000000003
X-2374,0,PD,HDM201,MDM2,6.900000000000006
X-2374,0,SD,LEE011,"CDK4,CDK6,CDK4/6",23.950000000000003
X-2374,0,PD,ENCORAFENIB,BRAF,78.625
X-2403,0,PD,BKM120,"PIK3CA,PIK3CB,PIK3CG,PIK3CD,panPI3K",15.375
X-2403,0,PD,BYL719,PIK3CA,25.700000000000003
X-2403,0,PD,CETUXIMAB,EGFR,18.233333333333334
X-2403,0,PD,CGM097,MDM2,10.420000000000002
X-2403,0,PD,LEE011,"CDK4,CDK6,CDK4/6",20.620000000000005
X-2403,0,PD,ENCORAFENIB,BRAF,114.69999999999999
X-2403,0,PD,BINIMETINIB,"MAP2K1,MAP2K2,MAPK",82.07999999999998
X-2428,0,PD,ABRAXANE,Tubulin,52.625
X-2428,0,PD,HDM201,MDM2,55.38
X-2428,0,PD,GEMCITABINE-50MPK,chemotherapy,40.72
X-2428,0,PD,INC424,JAK,9.375
X-2428,0,PD,WNT974,PORCN,35.099999999999994
X-2428,0,SD,BINIMETINIB,"MAP2K1,MAP2K2,MAPK",-15.539130434782606
X-2428,1,PR,BINIMETINIB-3.5MPK,MAPK,-54.10833333333333
X-2470,0,PD,ABRAXANE,Tubulin,-0.5499999999999972
X-2470,0,PD,LEE011,"CDK4,CDK6,CDK4/6",1.0999999999999943
X-2470,0,PD,WNT974,PORCN,10.200000000000003
X-2483,0,PD,5FU,chemotherapy,13.5
X-2483,0,PD,BYL719,PIK3CA,13.78
X-2483,0,PD,CETUXIMAB,EGFR,30.80000000000001
X-2483,0,PD,CGM097,MDM2,12.724999999999994
X-2483,0,PD,HDM201,MDM2,27.5
X-2484,0,PD,CETUXIMAB,EGFR,11.97999999999999
X-2484,0,PD,CGM097,MDM2,1.539999999999992
X-2484,0,PD,HDM201,MDM2,23.47999999999999
X-2484,0,PD,ENCORAFENIB,BRAF,29.5
X-2484,0,PD,BINIMETINIB,"MAP2K1,MAP2K2,MAPK",5.219999999999999
X-2487,0,PD,BGJ398,FGFR,25.42
X-2487,0,PD,BKM120,"PIK3CA,PIK3CB,PIK3CG,PIK3CD,panPI3K",28.420000000000016
X-2487,0,PD,BYL719,PIK3CA,10.359999999999985
X-2487,0,PD,CGM097,MDM2,66.94
X-2487,0,PD,HDM201,MDM2,49.83333333333334
X-2487,0,PD,INC424,JAK,84.0
X-2487,0,PD,LEE011,"CDK4,CDK6,CDK4/6",55.81999999999999
X-2487,0,PD,BINIMETINIB,"MAP2K1,MAP2K2,MAPK",36.30000000000001
X-2487,0,PD,PACLITAXEL,Tubulin,28.78
X-2487,0,PD,TAMOXIFEN,ESR1,4.025000000000006
X-2487,0,PD,TRASTUZUMAB,ERBB2,56.860000000000014
X-2524,0,PD,BGJ398,FGFR,170.8
X-2524,0,PD,BKM120,"PIK3CA,PIK3CB,PIK3CG,PIK3CD,panPI3K",64.66
X-2524,0,PD,BYL719,PIK3CA,30.420000000000016
X-2524,0,PD,CGM097,MDM2,68.5
X-2524,0,PD,HDM201,MDM2,50.38
X-2524,0,PD,INC424,JAK,112.85999999999999
X-2524,0,PD,LEE011,"CDK4,CDK6,CDK4/6",36.64999999999998
X-2524,0,PD,BINIMETINIB,"MAP2K1,MAP2K2,MAPK",103.96
X-2524,0,PD,PACLITAXEL,Tubulin,27.599999999999994
X-2524,0,PD,TAMOXIFEN,ESR1,128.8
X-2524,0,PD,TRASTUZUMAB,ERBB2,109.75
X-2538,0,PD,5FU,chemotherapy,15.266666666666666
X-2538,0,PD,CETUXIMAB,EGFR,29.55000000000001
X-2538,0,PD,CGM097,MDM2,12.950000000000003
X-2538,0,PD,HDM201,MDM2,25.52000000000001
X-2538,0,PD,LEE011,"CDK4,CDK6,CDK4/6",17.940000000000012
X-2538,0,PD,ENCORAFENIB,BRAF,28.17500000000001
X-2538,0,PD,BINIMETINIB,"MAP2K1,MAP2K2,MAPK",13.400000000000006
X-2564,0,PD,ABRAXANE,Tubulin,68.94999999999999
X-2564,0,PD,BYL719,PIK3CA,28.379999999999995
X-2564,0,PD,INC424,JAK,11.820000000000007
X-2564,0,PD,WNT974,PORCN,19.620000000000005
X-2564,0,PD,BINIMETINIB-3.5MPK,MAPK,54.78
X-2573,0,PD,5FU,chemotherapy,5.525000000000006
X-2573,0,PD,BKM120,"PIK3CA,PIK3CB,PIK3CG,PIK3CD,panPI3K",33.349999999999994
X-2573,0,SD,CETUXIMAB,EGFR,25.849999999999994
X-2573,0,PD,CGM097,MDM2,37.099999999999994
X-2573,0,PD,HDM201,MDM2,26.30000000000001
X-2573,0,PD,LEE011,"CDK4,CDK6,CDK4/6",28.05000000000001
X-2573,0,PD,ENCORAFENIB,BRAF,40.875
X-2602,0,PD,BKM120,"PIK3CA,PIK3CB,PIK3CG,PIK3CD,panPI3K",19.0
X-2602,0,PD,CGM097,MDM2,48.859999999999985
X-2602,0,PD,DACARBAZINE,chemotherapy,48.400000000000006
X-2602,0,PD,LDE225,SMO,30.45999999999998
X-2602,0,PD,LDK378,ALK,39.620000000000005
X-2602,0,PD,WNT974,PORCN,24.625
X-2602,0,PD,BINIMETINIB,"MAP2K1,MAP2K2,MAPK",5.0
X-2613,0,PD,BKM120,"PIK3CA,PIK3CB,PIK3CG,PIK3CD,panPI3K",54.75
X-2613,0,PD,DACARBAZINE,chemotherapy,66.42500000000001
X-2613,0,PD,LDE225,SMO,90.29999999999998
X-2613,0,PD,LDK378,ALK,69.96666666666667
X-2613,0,PD,WNT974,PORCN,165.40000000000003
X-2613,0,SD,BINIMETINIB,"MAP2K1,MAP2K2,MAPK",11.159999999999997
X-2633,0,PD,ABRAXANE,Tubulin,61.625
X-2633,0,PD,HDM201,MDM2,12.820000000000007
X-2633,0,PD,LEE011,"CDK4,CDK6,CDK4/6",40.32499999999999
X-2633,0,SD,BINIMETINIB,"MAP2K1,MAP2K2,MAPK",3.9749999999999943
X-2640,0,SD,BGJ398,FGFR,-11.227586206896547
X-2640,0,SD,BKM120,"PIK3CA,PIK3CB,PIK3CG,PIK3CD,panPI3K",-30.54074074074073
X-2640,0,PD,HDM201,MDM2,65.86000000000001
X-2640,0,PD,INC424,JAK,8.780000000000001
X-2640,0,PD,LEE011,"CDK4,CDK6,CDK4/6",8.650000000000006
X-2640,0,PD,TAMOXIFEN,ESR1,43.19999999999999
X-2640,0,PD,TRASTUZUMAB,ERBB2,33.420000000000016
X-2659,0,PD,5FU,chemotherapy,60.025000000000006
X-2659,0,PD,BKM120,"PIK3CA,PIK3CB,PIK3CG,PIK3CD,panPI3K",14.849999999999994
X-2659,0,PD,BYL719,PIK3CA,32.120000000000005
X-2659,0,PD,CETUXIMAB,EGFR,101.65
X-2659,0,PD,CGM097,MDM2,59.66
X-2659,0,PD,HDM201,MDM2,58.17500000000001
X-2659,0,PD,LEE011,"CDK4,CDK6,CDK4/6",36.625
X-2659,0,PD,ENCORAFENIB,BRAF,50.81999999999999
X-2659,0,PD,BINIMETINIB,"MAP2K1,MAP2K2,MAPK",43.025000000000006
X-2684,0,PD,ABRAXANE,Tubulin,30.359999999999985
X-2684,0,PD,BYL719,PIK3CA,5.780000000000001
X-2684,0,PD,HDM201,MDM2,107.21999999999997
X-2684,0,PD,INC424,JAK,22.28
X-2684,0,PD,LEE011,"CDK4,CDK6,CDK4/6",-7.280000000000001
X-2684,0,PD,WNT974,PORCN,125.56
X-2684,0,PD,BINIMETINIB-3.5MPK,MAPK,83.69999999999999
X-2684,0,PD,TRAMETINIB,MAPK,9.97999999999999
X-2700,0,PD,BKM120,"PIK3CA,PIK3CB,PIK3CG,PIK3CD,panPI3K",18.200000000000003
X-2700,0,PD,CGM097,MDM2,49.44
X-2700,0,PD,DACARBAZINE,chemotherapy,35.81999999999999
X-2700,0,PD,LDE225,SMO,27.025000000000006
X-2700,0,PD,LDK378,ALK,43.650000000000006
X-2700,0,PD,LEE011,"CDK4,CDK6,CDK4/6",28.650000000000006
X-2700,0,PD,ENCORAFENIB,BRAF,63.38
X-2723,0,PD,BKM120,"PIK3CA,PIK3CB,PIK3CG,PIK3CD,panPI3K",36.80000000000001
X-2723,0,PD,CGM097,MDM2,29.625
X-2723,0,PD,DACARBAZINE,chemotherapy,93.82499999999999
X-2723,0,PD,LDE225,SMO,77.525
X-2723,0,PD,LDK378,ALK,12.125
X-2723,0,PD,LEE011,"CDK4,CDK6,CDK4/6",71.475
X-2723,0,PD,WNT974,PORCN,40.94
X-2723,0,PD,ENCORAFENIB,BRAF,65.19999999999999
X-2753,0,PD,BKM120,"PIK3CA,PIK3CB,PIK3CG,PIK3CD,panPI3K",3.674999999999997
X-2753,0,SD,CGM097,MDM2,2.7166666666666544
X-2753,0,PD,DACARBAZINE,chemotherapy,42.900000000000006
X-2753,0,PD,LDE225,SMO,63.0
X-2753,0,PD,LDK378,ALK,41.025000000000006
X-2753,0,PD,LEE011,"CDK4,CDK6,CDK4/6",73.30000000000001
X-2753,0,PD,WNT974,PORCN,73.25
X-2753,0,PD,ENCORAFENIB,BRAF,50.724999999999994
X-2753,0,PD,BINIMETINIB,"MAP2K1,MAP2K2,MAPK",57.724999999999994
X-2780,0,PD,BGJ398,FGFR,19.174999999999997
X-2780,0,PD,CGM097,MDM2,24.640000000000015
X-2780,0,PD,INC424,JAK,108.37999999999997
X-2780,0,PD,LEE011,"CDK4,CDK6,CDK4/6",60.95999999999998
X-2780,0,PD,PACLITAXEL,Tubulin,18.659999999999997
X-2822,0,PD,BYL719,PIK3CA,8.424999999999997
X-2822,0,PD,CETUXIMAB,EGFR,32.17500000000001
X-2822,0,PD,CGM097,MDM2,16.825000000000003
X-2822,0,PD,HDM201,MDM2,5.079999999999998
X-2822,0,PD,ENCORAFENIB,BRAF,30.400000000000006
X-2838,0,PD,LDE225,SMO,12.459999999999994
X-2838,0,PD,LEE011,"CDK4,CDK6,CDK4/6",20.459999999999994
X-2838,0,PD,WNT974,PORCN,1.0750000000000028
X-2838,0,PD,BINIMETINIB,"MAP2K1,MAP2K2,MAPK",31.180000000000007
X-2846,0,PD,5FU,chemotherapy,37.69999999999999
X-2846,0,PD,BYL719,PIK3CA,14.09999999999998
X-2846,0,SD,CETUXIMAB,EGFR,-26.813636363636363
X-2846,0,PD,CGM097,MDM2,99.85
X-2846,0,PD,HDM201,MDM2,106.275
X-2846,0,PD,ENCORAFENIB,BRAF,-12.349999999999994
X-2861,0,PD,5FU,chemotherapy,33.67500000000001
X-2861,0,PD,BKM120,"PIK3CA,PIK3CB,PIK3CG,PIK3CD,panPI3K",30.099999999999994
X-2861,0,PD,BYL719,PIK3CA,21.33333333333333
X-2861,0,PD,CETUXIMAB,EGFR,122.4666666666667
X-2861,0,PD,CGM097,MDM2,64.92500000000001
X-2861,0,PD,HDM201,MDM2,60.099999999999994
X-2861,0,PD,LEE011,"CDK4,CDK6,CDK4/6",23.075000000000003
X-2861,0,PD,ENCORAFENIB,BRAF,76.15
X-2861,0,PD,BINIMETINIB,"MAP2K1,MAP2K2,MAPK",75.69999999999999
X-2921,0,PD,BKM120,"PIK3CA,PIK3CB,PIK3CG,PIK3CD,panPI3K",50.125
X-2921,0,PD,CGM097,MDM2,269.65
X-2921,0,PD,LDE225,SMO,49.55000000000001
X-2921,0,PD,LDK378,ALK,167.675
X-2921,0,PD,LEE011,"CDK4,CDK6,CDK4/6",110.92500000000001
X-2921,0,PD,WNT974,PORCN,30.05000000000001
X-2921,0,PD,ENCORAFENIB,BRAF,252.825
X-2921,0,PD,BINIMETINIB,"MAP2K1,MAP2K2,MAPK",129.375
X-2997,0,PD,ABRAXANE,Tubulin,77.1
X-2997,0,PD,BKM120,"PIK3CA,PIK3CB,PIK3CG,PIK3CD,panPI3K",14.799999999999997
X-2997,0,PD,BYL719,PIK3CA,28.25
X-2997,0,PD,HDM201,MDM2,99.32499999999999
X-2997,0,PD,INC424,JAK,90.67500000000001
X-2997,0,PD,LEE011,"CDK4,CDK6,CDK4/6",67.025
X-2997,0,PD,BINIMETINIB,"MAP2K1,MAP2K2,MAPK",27.859999999999985
X-2997,0,PD,BINIMETINIB-3.5MPK,MAPK,102.475
X-2997,0,PD,TRAMETINIB,MAPK,33.68000000000001
X-3028,0,PD,ABRAXANE,Tubulin,23.92
X-3028,0,PD,BYL719,PIK3CA,33.22
X-3028,0,SD,WNT974,PORCN,14.25
X-3028,0,PD,BINIMETINIB,"MAP2K1,MAP2K2,MAPK",29.349999999999994
X-3028,0,PD,BINIMETINIB-3.5MPK,MAPK,89.80000000000001
X-3029,1,PR,BKM120,"PIK3CA,PIK3CB,PIK3CG,PIK3CD,panPI3K",-57.8074074074074
X-3029,1,PR,CETUXIMAB,EGFR,-57.0375
X-3029,1,PR,CGM097,MDM2,-57.231818181818184
X-3029,1,PR,ERLOTINIB,EGFR,-51.69583333333333
X-3029,1,PR,HSP990,HSP90,-33.11666666666666
X-3029,1,CR,BINIMETINIB,"MAP2K1,MAP2K2,MAPK",-79.30526315789474
X-3038,0,PD,ABRAXANE,Tubulin,47.74000000000001
X-3038,0,PD,INC424,JAK,21.320000000000007
X-3038,0,PD,WNT974,PORCN,16.099999999999994
X-3038,0,PD,BINIMETINIB-3.5MPK,MAPK,27.179999999999993
X-3038,0,SD,TRAMETINIB,MAPK,-16.611111111111114
X-3052,0,PD,ABRAXANE,Tubulin,26.82499999999999
X-3052,0,PD,HDM201,MDM2,18.900000000000006
X-3052,0,PD,GEMCITABINE-50MPK,chemotherapy,66.18
X-3052,0,PD,INC424,JAK,40.66
X-3052,0,SD,LEE011,"CDK4,CDK6,CDK4/6",-5.744827586206895
X-3052,0,PD,WNT974,PORCN,71.92000000000002
X-3052,0,PD,BINIMETINIB-3.5MPK,MAPK,25.940000000000012
X-3052,0,PD,TRAMETINIB,MAPK,51.68000000000001
X-3077,0,SD,BGJ398,FGFR,-17.922222222222217
X-3077,1,PR,BKM120,"PIK3CA,PIK3CB,PIK3CG,PIK3CD,panPI3K",-42.84444444444445
X-3077,1,PR,BYL719,PIK3CA,-43.7
X-3077,0,PD,CGM097,MDM2,1.2750000000000057
X-3077,0,PD,HDM201,MDM2,6.275000000000006
X-3077,0,PD,INC424,JAK,16.049999999999997
X-3077,0,PD,BINIMETINIB,"MAP2K1,MAP2K2,MAPK",30.829999999999984
X-3077,0,PD,TRASTUZUMAB,ERBB2,47.0
X-3078,0,PD,BGJ398,FGFR,44.150000000000006
X-3078,0,PD,BKM120,"PIK3CA,PIK3CB,PIK3CG,PIK3CD,panPI3K",7.900000000000006
X-3078,0,SD,BYL719,PIK3CA,-5.239999999999995
X-3078,0,PD,CGM097,MDM2,36.76000000000002
X-3078,0,SD,HDM201,MDM2,-27.599999999999994
X-3078,0,PD,INC424,JAK,45.24000000000001
X-3078,0,PD,LEE011,"CDK4,CDK6,CDK4/6",26.224999999999994
X-3078,0,PD,BINIMETINIB,"MAP2K1,MAP2K2,MAPK",66.92500000000001
X-3078,0,PD,TAMOXIFEN,ESR1,19.349999999999994
X-3078,0,PD,TRASTUZUMAB,ERBB2,36.69999999999999
X-3093,0,PD,5FU,chemotherapy,101.76
X-3093,0,PD,BYL719,PIK3CA,9.679999999999993
X-3093,0,PD,CETUXIMAB,EGFR,39.224999999999994
X-3093,0,PD,CGM097,MDM2,39.359999999999985
X-3093,0,PD,HDM201,MDM2,17.159999999999997
X-3093,0,PD,LEE011,"CDK4,CDK6,CDK4/6",21.174999999999997
X-3093,0,PD,ENCORAFENIB,BRAF,70.01999999999998
X-3093,0,SD,BINIMETINIB,"MAP2K1,MAP2K2,MAPK",-6.1000000000000085
X-3127,0,PD,BKM120,"PIK3CA,PIK3CB,PIK3CG,PIK3CD,panPI3K",10.799999999999997
X-3127,1,CR,DACARBAZINE,chemotherapy,-79.79411764705883
X-3127,0,PD,LDE225,SMO,23.0
X-3127,0,PD,LDK378,ALK,20.950000000000003
X-3201,0,PD,BGJ398,FGFR,46.0
X-3201,0,PD,BKM120,"PIK3CA,PIK3CB,PIK3CG,PIK3CD,panPI3K",64.56
X-3201,0,PD,BYL719,PIK3CA,19.849999999999994
X-3201,0,PD,CGM097,MDM2,47.05000000000001
X-3201,0,PD,HDM201,MDM2,51.650000000000006
X-3201,0,PD,INC424,JAK,67.69999999999999
X-3201,0,PD,LEE011,"CDK4,CDK6,CDK4/6",47.77499999999998
X-3201,0,PD,BINIMETINIB,"MAP2K1,MAP2K2,MAPK",33.224999999999994
X-3201,0,PD,TAMOXIFEN,ESR1,65.85
X-3201,0,PD,TRASTUZUMAB,ERBB2,35.72
X-3205,0,PD,5FU,chemotherapy,41.28
X-3205,0,PD,BYL719,PIK3CA,17.599999999999994
X-3205,0,PD,CETUXIMAB,EGFR,121.77999999999997
X-3205,0,PD,CGM097,MDM2,29.319999999999993
X-3205,0,PD,HDM201,MDM2,24.650000000000006
X-3205,0,PD,ENCORAFENIB,BRAF,173.14
X-3205,0,PD,BINIMETINIB,"MAP2K1,MAP2K2,MAPK",16.72
X-3211,0,SD,CGM097,MDM2,2.049999999999997
X-3211,0,SD,DACARBAZINE,chemotherapy,5.48571428571428
X-3211,0,SD,LDE225,SMO,-4.359999999999999
X-3211,0,PD,LDK378,ALK,13.050000000000011
X-3211,0,SD,LEE011,"CDK4,CDK6,CDK4/6",10.974999999999994
X-3224,0,PD,CETUXIMAB,EGFR,23.150000000000006
X-3224,0,PD,CGM097,MDM2,48.5
X-3224,0,PD,HDM201,MDM2,159.18
X-3224,0,PD,LEE011,"CDK4,CDK6,CDK4/6",105.48000000000002
X-3224,0,PD,ENCORAFENIB,BRAF,19.974999999999994
X-3224,0,PD,BINIMETINIB,"MAP2K1,MAP2K2,MAPK",145.44
X-3237,0,PD,BGJ398,FGFR,30.94
X-3237,0,PD,BKM120,"PIK3CA,PIK3CB,PIK3CG,PIK3CD,panPI3K",4.759999999999991
X-3237,0,PD,CETUXIMAB,EGFR,26.840000000000003
X-3237,0,PD,CGM097,MDM2,93.30000000000001
X-3237,0,PD,HDM201,MDM2,21.059999999999988
X-3237,0,PD,ERLOTINIB,EGFR,8.075000000000003
X-3237,0,PD,HSP990,HSP90,-19.099999999999994
X-3237,0,PD,INC280,MET,88.4
X-3237,0,PD,LEE011,"CDK4,CDK6,CDK4/6",7.140000000000015
X-3237,0,PD,LGH447,PIM,25.799999999999997
X-3237,0,PD,PACLITAXEL,Tubulin,27.875
X-3267,0,SD,5FU,chemotherapy,-13.234615384615381
X-3267,0,PD,CGM097,MDM2,14.040000000000006
X-3267,0,SD,BINIMETINIB,"MAP2K1,MAP2K2,MAPK",-10.088461538461544
X-3268,0,PD,ABRAXANE,Tubulin,39.099999999999994
X-3268,0,PD,HDM201,MDM2,40.44
X-3268,0,PD,GEMCITABINE-50MPK,chemotherapy,33.420000000000016
X-3268,0,PD,INC424,JAK,17.224999999999994
X-3268,0,PD,WNT974,PORCN,-2.259999999999991
X-3268,1,PR,BINIMETINIB,"MAP2K1,MAP2K2,MAPK",-23.067999999999998
X-3298,0,PD,BGJ398,FGFR,32.525000000000006
X-3298,0,PD,BKM120,"PIK3CA,PIK3CB,PIK3CG,PIK3CD,panPI3K",19.549999999999997
X-3298,0,PD,BYL719,PIK3CA,15.240000000000009
X-3298,0,PD,CGM097,MDM2,42.07499999999999
X-3298,0,PD,HDM201,MDM2,38.974999999999994
X-3298,0,PD,INC424,JAK,52.55000000000001
X-3298,0,PD,LEE011,"CDK4,CDK6,CDK4/6",31.92500000000001
X-3298,0,PD,BINIMETINIB,"MAP2K1,MAP2K2,MAPK",28.05000000000001
X-3298,1,CR,PACLITAXEL,Tubulin,-78.47307692307692
X-3298,0,PD,TAMOXIFEN,ESR1,42.349999999999994
X-3298,0,PD,TRASTUZUMAB,ERBB2,5.459999999999994
X-3450,0,PD,BGJ398,FGFR,7.340000000000003
X-3450,1,PR,BKM120,"PIK3CA,PIK3CB,PIK3CG,PIK3CD,panPI3K",-34.98461538461538
X-3450,0,PD,CGM097,MDM2,21.179999999999993
X-3450,0,PD,HDM201,MDM2,32.78
X-3450,0,PD,INC424,JAK,11.700000000000003
X-3450,0,SD,LEE011,"CDK4,CDK6,CDK4/6",2.299999999999997
X-3450,0,PD,PACLITAXEL,Tubulin,30.319999999999993
X-3450,0,PD,TAMOXIFEN,ESR1,8.599999999999994
X-3450,0,PD,TRASTUZUMAB,ERBB2,30.140000000000015
X-3468,0,PD,BGJ398,FGFR,34.099999999999994
X-3468,0,SD,BKM120,"PIK3CA,PIK3CB,PIK3CG,PIK3CD,panPI3K",-2.762962962962959
X-3468,0,PD,CGM097,MDM2,15.174999999999997
X-3468,0,PD,INC424,JAK,6.5
X-3468,0,PD,BINIMETINIB,"MAP2K1,MAP2K2,MAPK",15.549999999999997
X-3468,0,PD,TRASTUZUMAB,ERBB2,22.879999999999995
X-3483,1,CR,CGM097,MDM2,-79.1390243902439
X-3483,1,CR,DACARBAZINE,chemotherapy,-83.72258064516129
X-3483,0,PD,LDE225,SMO,81.42500000000001
X-3483,0,PD,LDK378,ALK,154.98000000000002
X-3483,1,CR,LEE011,"CDK4,CDK6,CDK4/6",-73.3475
X-3483,0,PD,WNT974,PORCN,140.61999999999998
X-3486,0,PD,BKM120,"PIK3CA,PIK3CB,PIK3CG,PIK3CD,panPI3K",25.040000000000006
X-3486,0,PD,CGM097,MDM2,96.85999999999999
X-3486,0,PD,DACARBAZINE,chemotherapy,35.44999999999999
X-3486,0,PD,LDE225,SMO,69.4
X-3486,0,PD,LDK378,ALK,74.68
X-3486,0,PD,WNT974,PORCN,95.07999999999998
X-3486,0,PD,ENCORAFENIB,BRAF,272.15999999999997
X-3503,0,PD,BKM120,"PIK3CA,PIK3CB,PIK3CG,PIK3CD,panPI3K",19.159999999999997
X-3503,0,PD,CGM097,MDM2,8.679999999999993
X-3503,0,PD,DACARBAZINE,chemotherapy,28.28
X-3503,0,PD,LDE225,SMO,25.0
X-3503,0,PD,LDK378,ALK,33.45999999999998
X-3503,0,PD,LEE011,"CDK4,CDK6,CDK4/6",25.299999999999997
X-3503,0,PD,WNT974,PORCN,25.700000000000003
X-3503,0,PD,ENCORAFENIB,BRAF,22.140000000000015
X-3503,0,PD,BINIMETINIB,"MAP2K1,MAP2K2,MAPK",27.125
X-3671,0,PD,5FU,chemotherapy,66.25999999999999
X-3671,1,CR,CETUXIMAB,EGFR,-86.15
X-3676,0,PD,BKM120,"PIK3CA,PIK3CB,PIK3CG,PIK3CD,panPI3K",70.52000000000001
X-3676,0,PD,CGM097,MDM2,224.10000000000002
X-3676,0,PD,DACARBAZINE,chemotherapy,172.02499999999998
X-3676,0,PD,LDE225,SMO,166.65999999999997
X-3676,0,PD,LDK378,ALK,152.5
X-3676,0,PD,LEE011,"CDK4,CDK6,CDK4/6",159.75
X-3676,0,PD,WNT974,PORCN,184.45
X-3676,0,PD,ENCORAFENIB,BRAF,47.380000000000024
X-3676,0,PD,BINIMETINIB,"MAP2K1,MAP2K2,MAPK",13.52000000000001
X-3697,0,SD,BKM120,"PIK3CA,PIK3CB,PIK3CG,PIK3CD,panPI3K",-2.6700000000000017
X-3697,0,PD,CGM097,MDM2,7.780000000000001
X-3697,0,PD,HDM201,MDM2,49.78
X-3697,0,PD,LEE011,"CDK4,CDK6,CDK4/6",37.04210526315791
X-3697,0,PD,TAMOXIFEN,ESR1,-11.039999999999992
X-3746,0,PD,BKM120,"PIK3CA,PIK3CB,PIK3CG,PIK3CD,panPI3K",-3.4666666666666544
X-3746,0,PD,CGM097,MDM2,41.849999999999994
X-3746,0,PD,DACARBAZINE,chemotherapy,16.200000000000003
X-3746,0,PD,LDE225,SMO,138.5666666666667
X-3746,0,PD,LDK378,ALK,80.66666666666666
X-3746,0,PD,LEE011,"CDK4,CDK6,CDK4/6",39.73333333333335
X-3746,0,PD,WNT974,PORCN,56.866666666666674
X-3773,0,PD,BKM120,"PIK3CA,PIK3CB,PIK3CG,PIK3CD,panPI3K",21.040000000000006
X-3773,0,PD,LDE225,SMO,29.120000000000005
X-3773,0,SD,LDK378,ALK,16.39999999999999
X-3773,0,PD,LEE011,"CDK4,CDK6,CDK4/6",8.719999999999999
X-3773,0,PD,WNT974,PORCN,38.31999999999999
X-3782,0,PD,GEMCITABINE-50MPK,chemotherapy,35.54000000000002
X-3782,0,PD,INC424,JAK,55.81999999999999
X-3782,0,PD,WNT974,PORCN,79.12
X-3782,0,SD,BINIMETINIB,"MAP2K1,MAP2K2,MAPK",-10.981818181818184
X-3782,1,CR,BINIMETINIB-3.5MPK,MAPK,-53.22592592592592
X-3782,0,SD,TRAMETINIB,MAPK,-27.106666666666655
X-3792,0,PD,5FU,chemotherapy,41.140000000000015
X-3792,0,PD,BKM120,"PIK3CA,PIK3CB,PIK3CG,PIK3CD,panPI3K",16.075000000000003
X-3792,0,PD,CETUXIMAB,EGFR,31.0
X-3792,0,PD,HDM201,MDM2,54.31999999999999
X-3792,0,PD,LEE011,"CDK4,CDK6,CDK4/6",19.80000000000001
X-3792,0,PD,ENCORAFENIB,BRAF,188.85000000000002
X-3792,0,PD,BINIMETINIB,"MAP2K1,MAP2K2,MAPK",53.125
X-3800,0,PD,ABRAXANE,Tubulin,57.19999999999999
X-3800,0,SD,BKM120,"PIK3CA,PIK3CB,PIK3CG,PIK3CD,panPI3K",17.724999999999994
X-3800,0,SD,GEMCITABINE-50MPK,chemotherapy,-0.7642857142857196
X-3800,0,PD,INC424,JAK,17.359999999999985
X-3800,1,PR,LEE011,"CDK4,CDK6,CDK4/6",-29.53333333333333
X-3800,1,PR,BINIMETINIB,"MAP2K1,MAP2K2,MAPK",-31.875
X-3800,0,SD,TRAMETINIB,MAPK,-25.011538461538464
X-3816,0,PD,ABRAXANE,Tubulin,7.325000000000003
X-3816,0,PD,BKM120,"PIK3CA,PIK3CB,PIK3CG,PIK3CD,panPI3K",15.0
X-3816,0,PD,HDM201,MDM2,38.359999999999985
X-3816,0,PD,GEMCITABINE-50MPK,chemotherapy,18.52000000000001
X-3816,0,PD,INC424,JAK,17.349999999999994
X-3816,0,PD,LEE011,"CDK4,CDK6,CDK4/6",57.44
X-3816,0,PD,WNT974,PORCN,101.07999999999998
X-3816,0,SD,BINIMETINIB,"MAP2K1,MAP2K2,MAPK",16.599999999999994
X-3816,0,SD,TRAMETINIB,MAPK,29.05714285714285
X-3843,0,PD,BGJ398,FGFR,29.03333333333333
X-3843,0,PD,BKM120,"PIK3CA,PIK3CB,PIK3CG,PIK3CD,panPI3K",47.0
X-3843,0,PD,CETUXIMAB,EGFR,107.32499999999999
X-3843,0,PD,CGM097,MDM2,40.25
X-3843,0,PD,HDM201,MDM2,59.349999999999994
X-3843,0,PD,ERLOTINIB,EGFR,79.975
X-3843,0,PD,INC280,MET,65.80000000000001
X-3843,0,PD,LGH447,PIM,71.125
X-3843,0,PD,BINIMETINIB,"MAP2K1,MAP2K2,MAPK",23.525000000000006
X-3843,0,PD,PACLITAXEL,Tubulin,7.400000000000006
X-3846,0,PD,ABRAXANE,Tubulin,21.5
X-3846,0,PD,HDM201,MDM2,37.72
X-3846,0,PD,GEMCITABINE-50MPK,chemotherapy,28.07499999999999
X-3846,0,PD,INC424,JAK,26.599999999999994
X-3846,0,PD,WNT974,PORCN,11.159999999999997
X-3846,0,PD,BINIMETINIB-3.5MPK,MAPK,-2.0250000000000057
X-3851,0,PD,BKM120,"PIK3CA,PIK3CB,PIK3CG,PIK3CD,panPI3K",15.52000000000001
X-3851,0,PD,CGM097,MDM2,39.04000000000002
X-3851,0,PD,LDE225,SMO,33.72
X-3851,0,PD,LDK378,ALK,33.900000000000006
X-3851,0,SD,LEE011,"CDK4,CDK6,CDK4/6",23.200000000000003
X-3851,0,PD,WNT974,PORCN,25.879999999999995
X-3851,0,PD,ENCORAFENIB,BRAF,49.74000000000001
X-3873,0,PD,BGJ398,FGFR,44.900000000000006
X-3873,0,SD,BKM120,"PIK3CA,PIK3CB,PIK3CG,PIK3CD,panPI3K",-30.099999999999994
X-3873,0,PD,BYL719,PIK3CA,-1.4799999999999898
X-3873,0,SD,CGM097,MDM2,2.1500000000000057
X-3873,0,PD,HDM201,MDM2,33.125
X-3873,0,SD,INC424,JAK,-1.0250000000000057
X-3873,0,SD,LEE011,"CDK4,CDK6,CDK4/6",6.325000000000003
X-3873,1,PR,PACLITAXEL,Tubulin,-33.93529411764706
X-3873,0,PD,TAMOXIFEN,ESR1,35.30000000000001
X-3873,0,PD,TRASTUZUMAB,ERBB2,91.19999999999999
X-3880,0,PD,CGM097,MDM2,71.32499999999999
X-3880,0,PD,DACARBAZINE,chemotherapy,77.975
X-3880,0,SD,LDE225,SMO,7.3999999999999915
X-3880,0,PD,LDK378,ALK,89.88
X-3880,0,PD,LEE011,"CDK4,CDK6,CDK4/6",23.5
X-3880,0,PD,WNT974,PORCN,25.24000000000001
X-3880,0,PD,ENCORAFENIB,BRAF,36.60000000000002
X-3898,0,PD,ABRAXANE,Tubulin,20.599999999999994
X-3898,0,SD,BYL719,PIK3CA,4.825000000000003
X-3898,0,PD,HDM201,MDM2,53.81999999999999
X-3898,0,PD,INC424,JAK,43.75999999999999
X-3898,0,PD,LEE011,"CDK4,CDK6,CDK4/6",55.00416666666666
X-3898,0,PD,WNT974,PORCN,32.28
X-3898,0,PD,BINIMETINIB,"MAP2K1,MAP2K2,MAPK",90.47999999999999
X-3898,0,PD,BINIMETINIB-3.5MPK,MAPK,114.9
X-3947,0,PD,BKM120,"PIK3CA,PIK3CB,PIK3CG,PIK3CD,panPI3K",121.11999999999998
X-3947,0,PD,BYL719,PIK3CA,92.02000000000001
X-3947,0,PD,HDM201,MDM2,51.94
X-3947,0,SD,GEMCITABINE-50MPK,chemotherapy,-9.608333333333334
X-3947,0,PD,INC424,JAK,8.650000000000006
X-3947,0,PD,LEE011,"CDK4,CDK6,CDK4/6",88.62
X-3947,0,PD,WNT974,PORCN,92.29999999999998
X-3947,0,PD,BINIMETINIB,"MAP2K1,MAP2K2,MAPK",31.94999999999999
X-3947,0,PD,BINIMETINIB-3.5MPK,MAPK,120.30000000000001
X-3947,0,PD,TRAMETINIB,MAPK,37.474999999999994
X-3990,0,PD,ABRAXANE,Tubulin,57.400000000000006
X-3990,0,PD,BKM120,"PIK3CA,PIK3CB,PIK3CG,PIK3CD,panPI3K",76.55000000000001
X-3990,0,PD,HDM201,MDM2,28.775000000000006
X-3990,1,CR,GEMCITABINE-50MPK,chemotherapy,-54.96923076923077
X-3990,0,PD,INC424,JAK,24.049999999999997
X-3990,0,PD,LEE011,"CDK4,CDK6,CDK4/6",101.44999999999999
X-3990,0,PD,WNT974,PORCN,30.819999999999993
X-3990,0,SD,BINIMETINIB,"MAP2K1,MAP2K2,MAPK",2.0
X-3990,0,PD,BINIMETINIB-3.5MPK,MAPK,99.11999999999998
X-4015,0,PD,ABRAXANE,Tubulin,96.30000000000001
X-4015,1,PR,GEMCITABINE-50MPK,chemotherapy,-26.17307692307692
X-4015,0,PD,INC424,JAK,71.6
X-4015,0,PD,WNT974,PORCN,95.30000000000001
X-4018,0,PD,ABRAXANE,Tubulin,10.050000000000011
X-4018,0,PD,BKM120,"PIK3CA,PIK3CB,PIK3CG,PIK3CD,panPI3K",50.75
X-4018,0,PD,BYL719,PIK3CA,45.55000000000001
X-4018,0,PD,HDM201,MDM2,24.775000000000006
X-4018,0,PD,LEE011,"CDK4,CDK6,CDK4/6",27.58
X-4018,0,PD,WNT974,PORCN,47.139999999999986
X-4018,0,SD,BINIMETINIB,"MAP2K1,MAP2K2,MAPK",11.883333333333326
X-4018,1,CR,BINIMETINIB-3.5MPK,MAPK,-52.979166666666664
X-4087,0,PD,5FU,chemotherapy,3.7750000000000057
X-4087,0,PD,BKM120,"PIK3CA,PIK3CB,PIK3CG,PIK3CD,panPI3K",21.82499999999999
X-4087,0,SD,BYL719,PIK3CA,11.450000000000003
X-4087,0,PD,CETUXIMAB,EGFR,104.63333333333333
X-4087,0,PD,CGM097,MDM2,29.53333333333333
X-4087,0,PD,HDM201,MDM2,12.375
X-4087,0,SD,ENCORAFENIB,BRAF,17.83333333333333
X-4087,0,SD,BINIMETINIB,"MAP2K1,MAP2K2,MAPK",-10.02857142857144
X-4145,0,PD,ABRAXANE,Tubulin,73.72
X-4145,0,PD,BKM120,"PIK3CA,PIK3CB,PIK3CG,PIK3CD,panPI3K",64.80000000000001
X-4145,0,PD,BYL719,PIK3CA,15.179999999999993
X-4145,0,PD,HDM201,MDM2,56.45999999999998
X-4145,0,PD,INC424,JAK,44.75999999999999
X-4145,0,PD,LEE011,"CDK4,CDK6,CDK4/6",62.54000000000002
X-4145,0,SD,WNT974,PORCN,3.2750000000000057
X-4145,0,SD,BINIMETINIB,"MAP2K1,MAP2K2,MAPK",-24.554545454545462
X-4145,0,PD,BINIMETINIB-3.5MPK,MAPK,83.32499999999999
X-4145,0,PD,TRAMETINIB,MAPK,98.875
X-4157,0,PD,BKM120,"PIK3CA,PIK3CB,PIK3CG,PIK3CD,panPI3K",9.5
X-4157,0,PD,CGM097,MDM2,35.900000000000006
X-4157,0,PD,DACARBAZINE,chemotherapy,16.0
X-4157,0,SD,LDE225,SMO,8.575000000000003
X-4157,0,PD,LDK378,ALK,22.049999999999997
X-4157,0,PD,LEE011,"CDK4,CDK6,CDK4/6",13.959999999999994
X-4157,0,PD,WNT974,PORCN,20.08
X-4157,0,PD,ENCORAFENIB,BRAF,18.42
X-4215,0,PD,ABRAXANE,Tubulin,19.275000000000006
X-4215,0,PD,BKM120,"PIK3CA,PIK3CB,PIK3CG,PIK3CD,panPI3K",40.599999999999994
X-4215,0,PD,BYL719,PIK3CA,2.825000000000003
X-4215,0,PD,HDM201,MDM2,40.579999999999984
X-4215,0,PD,INC424,JAK,21.540000000000006
X-4215,0,PD,LEE011,"CDK4,CDK6,CDK4/6",57.44999999999999
X-4215,0,PD,WNT974,PORCN,73.35
X-4215,0,SD,BINIMETINIB,"MAP2K1,MAP2K2,MAPK",22.5625
X-4215,0,PD,BINIMETINIB-3.5MPK,MAPK,111.72500000000002
X-4215,0,PD,TRAMETINIB,MAPK,11.900000000000006
X-4226,0,PD,ABRAXANE,Tubulin,75.24000000000001
X-4226,0,PD,HDM201,MDM2,60.25999999999999
X-4226,0,PD,GEMCITABINE-50MPK,chemotherapy,30.78
X-4226,0,PD,INC424,JAK,19.599999999999994
X-4226,0,PD,LEE011,"CDK4,CDK6,CDK4/6",61.69999999999999
X-4226,0,PD,WNT974,PORCN,55.079999999999984
X-4226,0,SD,BINIMETINIB,"MAP2K1,MAP2K2,MAPK",-5.891666666666666
X-4226,0,PD,BINIMETINIB-3.5MPK,MAPK,37.25999999999999
X-4316,0,PD,ABRAXANE,Tubulin,35.05000000000001
X-4316,0,PD,BKM120,"PIK3CA,PIK3CB,PIK3CG,PIK3CD,panPI3K",19.980000000000018
X-4316,0,PD,BYL719,PIK3CA,6.359999999999985
X-4316,0,PD,HDM201,MDM2,29.359999999999985
X-4316,1,PR,GEMCITABINE-50MPK,chemotherapy,-41.07727272727273
X-4316,0,PD,INC424,JAK,8.320000000000007
X-4339,0,PD,CGM097,MDM2,11.5
X-4339,0,SD,DACARBAZINE,chemotherapy,13.140000000000015
X-4339,0,SD,LDE225,SMO,14.142857142857139
X-4339,0,PD,ENCORAFENIB,BRAF,30.5
X-4347,0,PD,BGJ398,FGFR,7.02000000000001
X-4347,0,PD,BYL719,PIK3CA,8.920000000000002
X-4347,0,PD,CGM097,MDM2,2.2249999999999943
X-4347,0,PD,INC424,JAK,23.099999999999994
X-4347,1,PR,BINIMETINIB,"MAP2K1,MAP2K2,MAPK",-31.706249999999997
X-4347,0,PD,PACLITAXEL,Tubulin,31.5
X-4347,0,PD,TAMOXIFEN,ESR1,39.900000000000006
X-4347,0,PD,TRASTUZUMAB,ERBB2,45.69999999999999
X-4377,0,PD,ABRAXANE,Tubulin,114.5
X-4377,0,PD,BKM120,"PIK3CA,PIK3CB,PIK3CG,PIK3CD,panPI3K",20.58
X-4377,0,PD,BYL719,PIK3CA,40.57499999999999
X-4377,0,PD,HDM201,MDM2,89.14000000000001
X-4377,0,PD,INC424,JAK,94.78
X-4377,0,PD,LEE011,"CDK4,CDK6,CDK4/6",20.424999999999997
X-4377,0,SD,WNT974,PORCN,23.183333333333337
X-4377,0,PD,BINIMETINIB-3.5MPK,MAPK,73.82
X-4378,0,PD,ABRAXANE,Tubulin,44.16
X-4378,0,PD,BKM120,"PIK3CA,PIK3CB,PIK3CG,PIK3CD,panPI3K",21.275000000000006
X-4378,0,SD,BYL719,PIK3CA,-23.93529411764706
X-4378,0,PD,HDM201,MDM2,16.24000000000001
X-4378,0,SD,GEMCITABINE-50MPK,chemotherapy,-11.08387096774193
X-4378,0,PD,INC424,JAK,44.474999999999994
X-4378,0,PD,LEE011,"CDK4,CDK6,CDK4/6",51.140000000000015
X-4378,0,PD,WNT974,PORCN,58.69999999999999
X-4378,0,PD,BINIMETINIB-3.5MPK,MAPK,47.24000000000001
X-4378,0,PD,TRAMETINIB,MAPK,38.140000000000015
X-4426,0,PD,BKM120,"PIK3CA,PIK3CB,PIK3CG,PIK3CD,panPI3K",47.25
X-4426,0,PD,CGM097,MDM2,56.38
X-4426,0,PD,DACARBAZINE,chemotherapy,72.14000000000001
X-4426,0,PD,LDE225,SMO,62.474999999999994
X-4426,0,PD,LDK378,ALK,28.5
X-4426,0,PD,LEE011,"CDK4,CDK6,CDK4/6",45.8857142857143
X-4426,0,PD,WNT974,PORCN,84.69999999999999
X-4426,0,PD,ENCORAFENIB,BRAF,108.14000000000001
X-4426,0,PD,BINIMETINIB,"MAP2K1,MAP2K2,MAPK",44.88
X-4455,0,PD,BKM120,"PIK3CA,PIK3CB,PIK3CG,PIK3CD,panPI3K",131.975
X-4455,0,PD,CGM097,MDM2,34.05000000000001
X-4455,0,PD,DACARBAZINE,chemotherapy,38.640000000000015
X-4455,0,PD,LDE225,SMO,3.3499999999999943
X-4455,0,PD,LDK378,ALK,104.07499999999999
X-4455,0,PD,WNT974,PORCN,49.80000000000001
X-4455,0,PD,ENCORAFENIB,BRAF,51.5
X-4455,0,PD,BINIMETINIB,"MAP2K1,MAP2K2,MAPK",65.55000000000001
X-4530,0,PD,BKM120,"PIK3CA,PIK3CB,PIK3CG,PIK3CD,panPI3K",8.574999999999989
X-4530,0,PD,CGM097,MDM2,30.599999999999994
X-4530,0,PD,LDE225,SMO,9.125
X-4530,0,PD,LDK378,ALK,44.474999999999994
X-4530,0,PD,LEE011,"CDK4,CDK6,CDK4/6",42.95999999999998
X-4530,0,PD,WNT974,PORCN,186.55
X-4530,0,PD,ENCORAFENIB,BRAF,49.05000000000001
X-4538,0,PD,CGM097,MDM2,39.640000000000015
X-4538,0,PD,LDE225,SMO,28.44
X-4538,0,PD,LDK378,ALK,76.52000000000001
X-4538,0,PD,LEE011,"CDK4,CDK6,CDK4/6",47.34
X-4538,0,PD,WNT974,PORCN,77.84
X-4538,0,PD,BINIMETINIB,"MAP2K1,MAP2K2,MAPK",38.650000000000006
X-4567,0,PD,BGJ398,FGFR,17.575000000000003
X-4567,1,CR,BKM120,"PIK3CA,PIK3CB,PIK3CG,PIK3CD,panPI3K",-84.84347826086957
X-4567,1,CR,BYL719,PIK3CA,-85.16538461538461
X-4567,0,PD,CGM097,MDM2,-4.450000000000003
X-4567,0,PD,LEE011,"CDK4,CDK6,CDK4/6",37.025000000000006
X-4567,1,PR,BINIMETINIB,"MAP2K1,MAP2K2,MAPK",-43.470370370370375
X-4567,1,CR,PACLITAXEL,Tubulin,-75.7074074074074
X-4567,0,PD,TAMOXIFEN,ESR1,47.875
X-4567,0,PD,TRASTUZUMAB,ERBB2,28.400000000000006
X-4644,0,PD,BKM120,"PIK3CA,PIK3CB,PIK3CG,PIK3CD,panPI3K",12.699999999999989
X-4644,0,PD,CGM097,MDM2,122.17500000000001
X-4644,0,PD,DACARBAZINE,chemotherapy,56.859999999999985
X-4644,0,PD,LDE225,SMO,82.11999999999998
X-4644,0,PD,LDK378,ALK,88.80000000000001
X-4644,0,PD,LEE011,"CDK4,CDK6,CDK4/6",77.225
X-4644,0,PD,WNT974,PORCN,81.78
X-4649,0,PD,ABRAXANE,Tubulin,33.10000000000002
X-4649,0,SD,BYL719,PIK3CA,5.018181818181816
X-4649,0,SD,GEMCITABINE-50MPK,chemotherapy,-5.700000000000003
X-4649,0,PD,INC424,JAK,46.78
X-4649,0,PD,LEE011,"CDK4,CDK6,CDK4/6",52.44
X-4649,0,PD,WNT974,PORCN,65.45999999999998
X-4649,0,PD,BINIMETINIB-3.5MPK,MAPK,68.57999999999998
X-4668,0,PD,BKM120,"PIK3CA,PIK3CB,PIK3CG,PIK3CD,panPI3K",43.0
X-4668,0,PD,CGM097,MDM2,62.400000000000006
X-4668,0,PD,DACARBAZINE,chemotherapy,67.07499999999999
X-4668,0,PD,LDE225,SMO,107.65
X-4668,0,PD,LDK378,ALK,96.975
X-4668,0,SD,LEE011,"CDK4,CDK6,CDK4/6",12.47999999999999
X-4668,0,PD,WNT974,PORCN,59.67500000000001
X-4668,0,PD,ENCORAFENIB,BRAF,-7.920000000000002
X-4668,0,PD,BINIMETINIB,"MAP2K1,MAP2K2,MAPK",19.5
X-4676,0,PD,ABRAXANE,Tubulin,106.30000000000001
X-4676,0,PD,BYL719,PIK3CA,77.125
X-4676,0,PD,HDM201,MDM2,1.7999999999999972
X-4676,1,PR,GEMCITABINE-50MPK,chemotherapy,-37.00689655172414
X-4676,0,PD,INC424,JAK,62.80000000000001
X-4676,0,PD,LEE011,"CDK4,CDK6,CDK4/6",95.55000000000001
X-4676,0,PD,WNT974,PORCN,69.92000000000002
X-4676,1,PR,BINIMETINIB,"MAP2K1,MAP2K2,MAPK",-38.224
X-4676,0,PD,BINIMETINIB-3.5MPK,MAPK,57.34
X-4676,0,SD,TRAMETINIB,MAPK,-10.474999999999994
X-4819,0,PD,BGJ398,FGFR,113.76666666666665
X-4819,0,PD,BKM120,"PIK3CA,PIK3CB,PIK3CG,PIK3CD,panPI3K",204.82000000000005
X-4819,0,PD,BYL719,PIK3CA,173.03999999999996
X-4819,0,PD,CETUXIMAB,EGFR,105.96666666666667
X-4819,0,PD,CGM097,MDM2,162.7
X-4819,0,PD,HDM201,MDM2,189.09999999999997
X-4819,0,PD,ERLOTINIB,EGFR,297.23333333333335
X-4819,0,PD,HSP990,HSP90,131.0666666666667
X-4819,0,PD,INC280,MET,226.95999999999998
X-4819,0,PD,LEE011,"CDK4,CDK6,CDK4/6",187.86666666666667
X-4819,0,PD,LGH447,PIM,196.91999999999996
X-4819,0,PD,PACLITAXEL,Tubulin,379.78
X-4824,0,PD,BGJ398,FGFR,27.775000000000006
X-4824,0,SD,BKM120,"PIK3CA,PIK3CB,PIK3CG,PIK3CD,panPI3K",-5.4375
X-4824,0,PD,CGM097,MDM2,25.875
X-4824,0,PD,HDM201,MDM2,21.799999999999997
X-4824,0,PD,INC424,JAK,41.5
X-4824,0,PD,LEE011,"CDK4,CDK6,CDK4/6",17.424999999999997
X-4824,0,SD,BINIMETINIB,"MAP2K1,MAP2K2,MAPK",9.959999999999994
X-4824,0,PD,PACLITAXEL,Tubulin,35.875
X-4824,0,PD,TAMOXIFEN,ESR1,39.52000000000001
X-4824,0,PD,TRASTUZUMAB,ERBB2,28.75
X-4832,0,PD,BKM120,"PIK3CA,PIK3CB,PIK3CG,PIK3CD,panPI3K",121.5
X-4832,0,SD,CGM097,MDM2,2.3499999999999943
X-4832,0,SD,DACARBAZINE,chemotherapy,-0.3333333333333286
X-4832,0,PD,LDE225,SMO,133.29999999999998
X-4832,0,PD,LDK378,ALK,59.96666666666667
X-4832,0,PD,LEE011,"CDK4,CDK6,CDK4/6",99.73333333333335
X-4832,0,PD,WNT974,PORCN,91.65
X-4832,0,PD,ENCORAFENIB,BRAF,323.92499999999995
X-4832,0,PD,BINIMETINIB,"MAP2K1,MAP2K2,MAPK",69.475
X-4849,0,PD,BKM120,"PIK3CA,PIK3CB,PIK3CG,PIK3CD,panPI3K",67.12
X-4849,0,PD,CGM097,MDM2,8.299999999999997
X-4849,0,PD,DACARBAZINE,chemotherapy,41.724999999999994
X-4849,0,SD,LDE225,SMO,16.799999999999997
X-4849,0,PD,LDK378,ALK,83.94
X-4849,0,PD,LEE011,"CDK4,CDK6,CDK4/6",38.31999999999999
X-4849,0,PD,WNT974,PORCN,148.8
X-4849,0,PD,ENCORAFENIB,BRAF,43.69999999999999
X-4849,0,PD,BINIMETINIB,"MAP2K1,MAP2K2,MAPK",29.420000000000016
X-4888,0,PD,BKM120,"PIK3CA,PIK3CB,PIK3CG,PIK3CD,panPI3K",24.450000000000003
X-4888,0,PD,CGM097,MDM2,36.525000000000006
X-4888,0,PD,HDM201,MDM2,17.0
X-4888,0,PD,INC424,JAK,19.200000000000003
X-4888,0,PD,BINIMETINIB,"MAP2K1,MAP2K2,MAPK",13.149999999999991
X-4888,0,PD,TAMOXIFEN,ESR1,51.75
X-4888,0,PD,TRASTUZUMAB,ERBB2,50.30000000000001
X-4927,0,PD,ABRAXANE,Tubulin,91.42500000000001
X-4927,0,PD,BKM120,"PIK3CA,PIK3CB,PIK3CG,PIK3CD,panPI3K",161.10000000000002
X-4927,0,PD,BYL719,PIK3CA,85.67500000000001
X-4927,0,PD,HDM201,MDM2,97.94
X-4927,0,PD,INC424,JAK,48.52000000000001
X-4927,0,PD,LEE011,"CDK4,CDK6,CDK4/6",33.97999999999999
X-4927,0,PD,WNT974,PORCN,98.6
X-4927,0,SD,BINIMETINIB,"MAP2K1,MAP2K2,MAPK",-25.988461538461536
X-4927,0,PD,BINIMETINIB-3.5MPK,MAPK,120.84
X-4927,0,PD,TRAMETINIB,MAPK,195.36
X-4949,0,PD,BGJ398,FGFR,39.17500000000001
X-4949,0,SD,BKM120,"PIK3CA,PIK3CB,PIK3CG,PIK3CD,panPI3K",-21.16666666666667
X-4949,0,PD,CGM097,MDM2,75.94999999999999
X-4949,0,PD,HDM201,MDM2,100.75
X-4949,0,PD,INC424,JAK,35.900000000000006
X-4949,0,PD,LEE011,"CDK4,CDK6,CDK4/6",16.320000000000007
X-4949,0,PD,BINIMETINIB,"MAP2K1,MAP2K2,MAPK",30.125
X-4949,0,PD,PACLITAXEL,Tubulin,44.275000000000006
X-4949,0,PD,TAMOXIFEN,ESR1,110.65
X-4949,0,PD,TRASTUZUMAB,ERBB2,36.079999999999984
X-5189,0,SD,BKM120,"PIK3CA,PIK3CB,PIK3CG,PIK3CD,panPI3K",-0.20000000000000284
X-5189,0,PD,CGM097,MDM2,10.349999999999994
X-5189,0,SD,DACARBAZINE,chemotherapy,16.599999999999994
X-5189,0,SD,LDE225,SMO,10.125
X-5189,0,PD,LDK378,ALK,23.650000000000006
X-5189,0,PD,WNT974,PORCN,203.425
X-5189,0,PD,ENCORAFENIB,BRAF,162.05
X-5205,0,PD,BKM120,"PIK3CA,PIK3CB,PIK3CG,PIK3CD,panPI3K",26.0
X-5205,1,CR,HDM201,MDM2,-68.225
X-5205,1,CR,GEMCITABINE-50MPK,chemotherapy,-76.68709677419355
X-5205,0,PD,WNT974,PORCN,13.440000000000012
X-5205,1,CR,BINIMETINIB-3.5MPK,MAPK,-48.208333333333336
X-5205,0,PD,TRAMETINIB,MAPK,45.44999999999999
X-5249,1,CR,BGJ398,FGFR,-84.652
X-5249,0,PD,BYL719,PIK3CA,77.42500000000001
X-5249,0,PD,CGM097,MDM2,83.125
X-5249,0,PD,HDM201,MDM2,37.875
X-5249,0,PD,INC424,JAK,89.47999999999999
X-5249,0,PD,TAMOXIFEN,ESR1,42.55000000000001
X-5249,0,PD,TRASTUZUMAB,ERBB2,45.82499999999999
X-5254,0,PD,BKM120,"PIK3CA,PIK3CB,PIK3CG,PIK3CD,panPI3K",4.299999999999997
X-5254,0,PD,BYL719,PIK3CA,7.75
X-5254,0,PD,CETUXIMAB,EGFR,3.0400000000000063
X-5254,0,PD,CGM097,MDM2,56.07499999999999
X-5254,0,PD,HDM201,MDM2,14.040000000000006
X-5254,0,PD,LEE011,"CDK4,CDK6,CDK4/6",21.52000000000001
X-5254,0,PD,ENCORAFENIB,BRAF,77.25
X-5254,0,PD,BINIMETINIB,"MAP2K1,MAP2K2,MAPK",25.74000000000001
X-5355,0,PD,BGJ398,FGFR,65.475
X-5355,1,PR,BKM120,"PIK3CA,PIK3CB,PIK3CG,PIK3CD,panPI3K",-48.47083333333333
X-5355,0,PD,CGM097,MDM2,79.125
X-5355,0,PD,HDM201,MDM2,66.05000000000001
X-5355,0,PD,INC424,JAK,25.320000000000007
X-5355,0,PD,TAMOXIFEN,ESR1,48.625
X-5355,0,PD,TRASTUZUMAB,ERBB2,60.16
X-5405,0,PD,5FU,chemotherapy,7.140000000000015
X-5405,0,PD,BKM120,"PIK3CA,PIK3CB,PIK3CG,PIK3CD,panPI3K",-0.32500000000000284
X-5405,0,PD,BYL719,PIK3CA,53.125
X-5405,0,PD,CETUXIMAB,EGFR,32.599999999999994
X-5405,0,PD,CGM097,MDM2,28.400000000000006
X-5405,0,PD,HDM201,MDM2,1.4249999999999972
X-5405,0,PD,ENCORAFENIB,BRAF,17.150000000000006
X-5438,0,PD,5FU,chemotherapy,41.74000000000001
X-5438,0,PD,HDM201,MDM2,29.52000000000001
X-5438,0,PD,ENCORAFENIB,BRAF,51.0
X-5446,0,PD,BKM120,"PIK3CA,PIK3CB,PIK3CG,PIK3CD,panPI3K",39.974999999999994
X-5446,0,PD,BYL719,PIK3CA,17.724999999999994
X-5446,0,PD,CETUXIMAB,EGFR,43.56
X-5446,0,PD,CGM097,MDM2,91.43333333333331
X-5446,0,PD,HDM201,MDM2,14.674999999999997
X-5446,0,PD,LEE011,"CDK4,CDK6,CDK4/6",29.359999999999985
X-5446,0,PD,ENCORAFENIB,BRAF,85.20000000000002
X-5446,0,PD,BINIMETINIB,"MAP2K1,MAP2K2,MAPK",78.78
X-5494,0,SD,BKM120,"PIK3CA,PIK3CB,PIK3CG,PIK3CD,panPI3K",-11.259090909090915
X-5494,0,PD,BYL719,PIK3CA,34.94999999999999
X-5494,0,PD,CGM097,MDM2,54.866666666666674
X-5494,0,PD,HDM201,MDM2,68.76666666666668
X-5494,0,SD,LEE011,"CDK4,CDK6,CDK4/6",23.099999999999994
X-5494,0,PD,ENCORAFENIB,BRAF,27.466666666666654
X-5495,0,PD,5FU,chemotherapy,15.0
X-5495,0,PD,CETUXIMAB,EGFR,36.10000000000002
X-5495,0,PD,CGM097,MDM2,29.180000000000007
X-5495,0,PD,HDM201,MDM2,33.24000000000001
X-5495,0,PD,LEE011,"CDK4,CDK6,CDK4/6",37.224999999999994
X-5495,0,PD,ENCORAFENIB,BRAF,11.575000000000003
X-5502,0,PD,BGJ398,FGFR,37.620000000000005
X-5502,0,PD,CGM097,MDM2,19.140000000000015
X-5502,0,PD,HDM201,MDM2,21.42
X-5502,0,SD,PACLITAXEL,Tubulin,5.34615384615384
X-5502,0,PD,TAMOXIFEN,ESR1,14.525000000000006
X-5502,0,PD,TRASTUZUMAB,ERBB2,15.02000000000001
X-5578,0,PD,5FU,chemotherapy,43.53333333333333
X-5578,0,PD,BYL719,PIK3CA,15.799999999999997
X-5578,0,PD,CETUXIMAB,EGFR,18.433333333333337
X-5578,0,PD,CGM097,MDM2,61.29999999999998
X-5578,0,PD,HDM201,MDM2,74.79999999999998
X-5578,0,PD,LEE011,"CDK4,CDK6,CDK4/6",10.899999999999991
X-5578,0,PD,BINIMETINIB,"MAP2K1,MAP2K2,MAPK",57.56666666666666
X-5975,0,PD,BGJ398,FGFR,18.30000000000001
X-5975,0,PD,BKM120,"PIK3CA,PIK3CB,PIK3CG,PIK3CD,panPI3K",22.474999999999994
X-5975,0,PD,BYL719,PIK3CA,3.549999999999997
X-5975,0,PD,CGM097,MDM2,39.30000000000001
X-5975,0,PD,HDM201,MDM2,6.640000000000015
X-5975,0,PD,INC424,JAK,8.379999999999995
X-5975,1,PR,LEE011,"CDK4,CDK6,CDK4/6",-22.843999999999994
X-5975,0,SD,BINIMETINIB,"MAP2K1,MAP2K2,MAPK",13.299999999999997
X-5975,1,CR,PACLITAXEL,Tubulin,-50.94583333333333
X-5975,0,PD,TAMOXIFEN,ESR1,29.180000000000007
X-6047,0,PD,BGJ398,FGFR,18.72
X-6047,0,PD,BKM120,"PIK3CA,PIK3CB,PIK3CG,PIK3CD,panPI3K",15.299999999999997
X-6047,0,PD,BYL719,PIK3CA,93.25
X-6047,0,PD,CGM097,MDM2,145.39999999999998
X-6047,0,PD,HDM201,MDM2,130.825
X-6047,0,PD,INC424,JAK,11.440000000000012
X-6047,0,PD,LEE011,"CDK4,CDK6,CDK4/6",92.1
X-6047,0,PD,BINIMETINIB,"MAP2K1,MAP2K2,MAPK",185.55
X-6047,0,PD,PACLITAXEL,Tubulin,5.950000000000003
X-6047,0,PD,TAMOXIFEN,ESR1,31.67500000000001
X-6047,0,PD,TRASTUZUMAB,ERBB2,55.775000000000006
